roc_auc,pr_auc,balanced_accuracy,sensitivity,specificity,f1,brier,n_test,positive_rate,threshold,fold,panel_size,target,model,n_features
0.7607281113582077,0.8491580628278474,0.7078700271806276,0.6525821596244131,0.7631578947368421,0.7335092348284961,0.20312488961067018,327,0.6513761467889908,0.51,0,all,wgd,elastic_net,1415
0.7468701095461658,0.8093487853507574,0.7234988880652335,0.7276995305164319,0.7192982456140351,0.775,0.20422125069928687,327,0.6513761467889908,0.438,0,5,wgd,elastic_net,5
0.7377481261840046,0.808879839645295,0.7105263157894737,0.6666666666666666,0.7543859649122807,0.741514360313316,0.20826527652593865,327,0.6513761467889908,0.542,0,10,wgd,elastic_net,10
0.7262375422123384,0.7953588683218314,0.7081788979490982,0.6619718309859155,0.7543859649122807,0.7382198952879581,0.21036892342070584,327,0.6513761467889908,0.503,0,20,wgd,elastic_net,20
0.7086113170249567,0.7869570629710199,0.6876698789226587,0.6384976525821596,0.7368421052631579,0.7176781002638523,0.23006788724607552,327,0.6513761467889908,0.548,0,50,wgd,elastic_net,50
0.7546221280485271,0.8122742363866979,0.7277618513440525,0.7652582159624414,0.6902654867256637,0.7931873479318735,0.19329698312416585,326,0.6533742331288344,0.526,1,all,wgd,elastic_net,1356
0.7049316548257094,0.7793024580313228,0.7017532926170593,0.784037558685446,0.6194690265486725,0.789598108747045,0.20571423101754444,326,0.6533742331288344,0.472,1,5,wgd,elastic_net,5
0.7409323195812042,0.8054902613805159,0.7339939341061116,0.7511737089201878,0.7168141592920354,0.7901234567901234,0.19348275537952905,326,0.6533742331288344,0.563,1,10,wgd,elastic_net,10
0.7443807387095434,0.8074008962031618,0.7277618513440525,0.7652582159624414,0.6902654867256637,0.7931873479318735,0.19411105500469375,326,0.6533742331288344,0.569,1,20,wgd,elastic_net,20
0.708359300344842,0.7669518150853702,0.7147575719805559,0.7746478873239436,0.6548672566371682,0.7913669064748201,0.21070585823335866,326,0.6533742331288344,0.48,1,50,wgd,elastic_net,50
0.7168349329012422,0.7880652432258983,0.6719639370144169,0.6713615023474179,0.672566371681416,0.727735368956743,0.21388250627916996,326,0.6533742331288344,0.504,2,all,wgd,elastic_net,1402
0.6556982010054427,0.7471916841373469,0.6423407702854294,0.7183098591549296,0.5663716814159292,0.7373493975903614,0.22982380161236096,326,0.6533742331288344,0.494,2,5,wgd,elastic_net,5
0.690514770036146,0.7734789833585237,0.6615771324109851,0.6948356807511737,0.6283185840707964,0.7344913151364765,0.22409652375531647,326,0.6533742331288344,0.496,2,10,wgd,elastic_net,10
0.7017325190078523,0.7829197884923909,0.6688894428518011,0.7183098591549296,0.6194690265486725,0.7481662591687042,0.22101392511288165,326,0.6533742331288344,0.484,2,20,wgd,elastic_net,20
0.7067597324359134,0.7875932897158303,0.6654617973326686,0.676056338028169,0.6548672566371682,0.7272727272727273,0.214417336092495,326,0.6533742331288344,0.559,2,50,wgd,elastic_net,50
0.7775769662221114,0.8412519054577189,0.7339939341061116,0.7511737089201878,0.7168141592920354,0.7901234567901234,0.19142134304837702,326,0.6533742331288344,0.486,3,all,wgd,elastic_net,1277
0.7330591216918028,0.792152390721526,0.7124101541401804,0.7699530516431925,0.6548672566371682,0.7884615384615384,0.20060748079590454,326,0.6533742331288344,0.455,3,5,wgd,elastic_net,5
0.7563671112219037,0.8215795579080857,0.7118700403008018,0.7511737089201878,0.672566371681416,0.7804878048780488,0.1989260643460416,326,0.6533742331288344,0.474,3,10,wgd,elastic_net,10
0.7507166895176369,0.8227918621281988,0.7211766172254768,0.6901408450704225,0.7522123893805309,0.7577319587628866,0.20247581444578427,326,0.6533742331288344,0.507,3,20,wgd,elastic_net,20
0.7154223274751755,0.7998103939163302,0.678196019776476,0.6572769953051644,0.6991150442477876,0.7235142118863049,0.22573798036272477,326,0.6533742331288344,0.558,3,50,wgd,elastic_net,50
0.7342353525322741,0.8199889032838957,0.6715491559086395,0.7641509433962265,0.5789473684210527,0.7677725118483413,0.20157332244129858,326,0.6503067484662577,0.466,4,all,wgd,elastic_net,1380
0.7042990731545847,0.785536905755488,0.6870655412115194,0.7688679245283019,0.6052631578947368,0.7761904761904762,0.20561043076170277,326,0.6503067484662577,0.532,4,5,wgd,elastic_net,5
0.7116434955312811,0.7960177588947034,0.6931479642502483,0.7547169811320755,0.631578947368421,0.7729468599033816,0.20537751244140579,326,0.6503067484662577,0.482,4,10,wgd,elastic_net,10
0.725980635551142,0.8172955479416556,0.7015888778550149,0.7452830188679245,0.6578947368421053,0.7726161369193154,0.20158231705530805,326,0.6503067484662577,0.526,4,20,wgd,elastic_net,20
0.6939548162859981,0.7799272292675701,0.6567361800728235,0.7169811320754716,0.5964912280701754,0.7414634146341463,0.21373681511180734,326,0.6503067484662577,0.509,4,50,wgd,elastic_net,50
0.688874756845728,0.6361203754811702,0.6640543169235373,0.8098159509202454,0.5182926829268293,0.7058823529411765,0.23220007067507495,327,0.4984709480122324,0.377,0,all,cin,elastic_net,1395
0.6925407751010026,0.6303843474439526,0.6883884483016609,0.7914110429447853,0.5853658536585366,0.7166666666666667,0.2158262831245083,327,0.4984709480122324,0.423,0,5,cin,elastic_net,5
0.7012195121951219,0.6503683877542068,0.6883697441268891,0.7852760736196319,0.5914634146341463,0.7150837988826816,0.2145517548445014,327,0.4984709480122324,0.434,0,10,cin,elastic_net,10
0.6927652251982643,0.6352184851741569,0.6609868322609607,0.803680981595092,0.5182926829268293,0.7024128686327078,0.22210835419532496,327,0.4984709480122324,0.418,0,20,cin,elastic_net,20
0.673892712853509,0.6248858125663315,0.654870567110579,0.7975460122699386,0.5121951219512195,0.6970509383378016,0.23372061863313418,327,0.4984709480122324,0.399,0,50,cin,elastic_net,50
0.6631224359215627,0.6079750506221666,0.6380368098159509,0.7852760736196319,0.49079754601226994,0.6844919786096256,0.24098014288948272,326,0.5,0.405,1,all,cin,elastic_net,1380
0.6686363807444766,0.6078967508712998,0.6656441717791411,0.7239263803680982,0.6073619631901841,0.6840579710144927,0.22554638695978535,326,0.5,0.412,1,5,cin,elastic_net,5
0.7184688923181151,0.6625568370034683,0.696319018404908,0.7975460122699386,0.5950920245398773,0.724233983286908,0.21202542371549984,326,0.5,0.391,1,10,cin,elastic_net,10
0.7083631299634913,0.6591530163964819,0.6840490797546013,0.7668711656441718,0.6012269938650306,0.7082152974504249,0.21548348921378174,326,0.5,0.431,1,20,cin,elastic_net,20
0.679174978358237,0.6196425645029289,0.6595092024539877,0.7484662576687117,0.5705521472392638,0.6873239436619718,0.2361131788907549,326,0.5,0.434,1,50,cin,elastic_net,50
0.7037148556588506,0.6819397656366153,0.6349693251533742,0.6257668711656442,0.6441717791411042,0.631578947368421,0.2183368833600105,326,0.5,0.531,2,all,cin,elastic_net,1469
0.635025781926305,0.5896028895551906,0.6226993865030674,0.7607361963190185,0.48466257668711654,0.6684636118598383,0.23240255250231878,326,0.5,0.433,2,5,cin,elastic_net,5
0.6584365237683015,0.6085344012245423,0.6349693251533742,0.7607361963190185,0.50920245398773,0.6757493188010899,0.22891857754565365,326,0.5,0.435,2,10,cin,elastic_net,10
0.6411231134028379,0.610235209958136,0.6288343558282208,0.7361963190184049,0.5214723926380368,0.6648199445983379,0.23762835556687742,326,0.5,0.435,2,20,cin,elastic_net,20
0.663009522375701,0.6548813928653572,0.6134969325153374,0.6134969325153374,0.6134969325153374,0.6134969325153374,0.24265503165919086,326,0.5,0.597,2,50,cin,elastic_net,50
0.6601302269562271,0.6173163421844251,0.6226993865030674,0.7361963190184049,0.50920245398773,0.6611570247933884,0.23346894923128658,326,0.5,0.457,3,all,cin,elastic_net,1220
0.6338025518461365,0.5821362120355598,0.6349693251533742,0.754601226993865,0.5153374233128835,0.673972602739726,0.23437216657669832,326,0.5,0.389,3,5,cin,elastic_net,5
0.6312619970642478,0.5843667050615221,0.638036809815951,0.7239263803680982,0.5521472392638037,0.6666666666666666,0.23728939222284154,326,0.5,0.445,3,10,cin,elastic_net,10
0.6011517181677895,0.5628686599122346,0.6134969325153374,0.6993865030674846,0.5276073619631901,0.6440677966101694,0.2588501715442725,326,0.5,0.454,3,20,cin,elastic_net,20
0.6103918100041402,0.5612094354824149,0.6134969325153374,0.7300613496932515,0.49693251533742333,0.6538461538461539,0.27227392443759374,326,0.5,0.474,3,50,cin,elastic_net,50
0.6885162601626017,0.6638848832113635,0.6342968985245407,0.7439024390243902,0.5246913580246914,0.6721763085399449,0.22528249339429887,326,0.5030674846625767,0.451,4,all,cin,elastic_net,1345
0.6445159590484794,0.5982021432210631,0.6222523336344474,0.6951219512195121,0.5493827160493827,0.6495726495726496,0.2305992986523182,326,0.5030674846625767,0.352,4,5,cin,elastic_net,5
0.6614724480578139,0.6132531478282214,0.6316245106895514,0.676829268292683,0.5864197530864198,0.6491228070175439,0.2276465264219262,326,0.5030674846625767,0.488,4,10,cin,elastic_net,10
0.689551339957844,0.6439996727214368,0.6650105389942789,0.7682926829268293,0.5617283950617284,0.6980609418282548,0.21948025731440265,326,0.5030674846625767,0.444,4,20,cin,elastic_net,20
0.6445159590484794,0.6032265614562135,0.6343721770551038,0.7317073170731707,0.5370370370370371,0.6685236768802229,0.24823549411937487,326,0.5030674846625767,0.418,4,50,cin,elastic_net,50
0.7010885829717194,0.6708950608132009,0.6425071075864133,0.7423312883435583,0.5426829268292683,0.6740947075208914,0.21929401202566112,327,0.4984709480122324,0.421,0,all,loh,elastic_net,1368
0.6394957354481521,0.599707928912721,0.6211095316474637,0.7239263803680982,0.5182926829268293,0.6555555555555556,0.2330101428538314,327,0.4984709480122324,0.305,0,5,loh,elastic_net,5
0.6657938051773156,0.6165845233374947,0.6334355828220859,0.7668711656441718,0.5,0.6756756756756757,0.22948883427997727,327,0.4984709480122324,0.283,0,10,loh,elastic_net,10
0.655955409247344,0.6155579179370428,0.6240834954361814,0.6993865030674846,0.5487804878048781,0.6495726495726496,0.24070028502451143,327,0.4984709480122324,0.382,0,20,loh,elastic_net,20
0.6434049079754601,0.6081739010912939,0.6117200359120155,0.6441717791411042,0.5792682926829268,0.6231454005934718,0.25695685359797865,327,0.4984709480122324,0.471,0,50,loh,elastic_net,50
0.6958861831457714,0.6691666048562945,0.6717791411042945,0.7361963190184049,0.6073619631901841,0.69164265129683,0.22292287819848317,326,0.5,0.43,1,all,loh,elastic_net,1404
0.6787045052504799,0.6209120819051375,0.6625766871165644,0.7668711656441718,0.558282208588957,0.6944444444444444,0.22083596462302277,326,0.5,0.438,1,5,loh,elastic_net,5
0.6678271669991344,0.6104630503878616,0.6595092024539877,0.7668711656441718,0.5521472392638037,0.6925207756232687,0.22542888921447524,326,0.5,0.358,1,10,loh,elastic_net,10
0.6700854379163687,0.6059758112151713,0.6717791411042945,0.7668711656441718,0.5766871165644172,0.7002801120448179,0.22997656215252954,326,0.5,0.403,1,20,loh,elastic_net,20
0.6447551657947233,0.6168659271729237,0.6380368098159509,0.7116564417177914,0.5644171779141104,0.6628571428571428,0.257726415272207,326,0.5,0.314,1,50,loh,elastic_net,50
0.7426888479054538,0.706823381981146,0.6901840490797546,0.6993865030674846,0.6809815950920245,0.6930091185410334,0.20901177364519066,326,0.5,0.532,2,all,loh,elastic_net,1461
0.6582859723738191,0.6042577545330184,0.6503067484662577,0.7730061349693251,0.5276073619631901,0.6885245901639344,0.2250097584314916,326,0.5,0.332,2,5,loh,elastic_net,5
0.6583800669953707,0.601412722030706,0.647239263803681,0.7668711656441718,0.5276073619631901,0.684931506849315,0.22586196332213185,326,0.5,0.401,2,10,loh,elastic_net,10
0.6508524972712559,0.5986164373326521,0.6380368098159509,0.7361963190184049,0.5398773006134969,0.6703910614525139,0.2393762141364871,326,0.5,0.34,2,20,loh,elastic_net,20
0.6893371974857917,0.6555667871018259,0.6625766871165644,0.7239263803680982,0.6012269938650306,0.6820809248554913,0.2332315309368607,326,0.5,0.598,2,50,loh,elastic_net,50
0.7150331225534478,0.6636524518755708,0.6564287865100873,0.6585365853658537,0.654320987654321,0.6585365853658537,0.21735522748274935,326,0.5030674846625767,0.518,3,all,loh,elastic_net,1162
0.6638625414031918,0.6177551737817478,0.6592893706714844,0.6951219512195121,0.6234567901234568,0.672566371681416,0.2250794432991655,326,0.5030674846625767,0.339,3,5,loh,elastic_net,5
0.6703741342968985,0.6271783483148732,0.6623757904245708,0.6951219512195121,0.6296296296296297,0.6745562130177515,0.2271930824692517,326,0.5030674846625767,0.464,3,10,loh,elastic_net,10
0.6743827160493827,0.6268664619845689,0.656541704305932,0.6402439024390244,0.6728395061728395,0.6521739130434783,0.23223002534876738,326,0.5030674846625767,0.526,3,20,loh,elastic_net,20
0.65136630532972,0.6044657992349683,0.6289144835892804,0.6158536585365854,0.6419753086419753,0.6253869969040248,0.2540889650398797,326,0.5030674846625767,0.59,3,50,loh,elastic_net,50
0.7016259550604087,0.6546106026139741,0.6687116564417177,0.8282208588957055,0.50920245398773,0.7142857142857143,0.2203208426170296,326,0.5,0.425,4,all,loh,elastic_net,1415
0.6901652301554443,0.6221426776575956,0.6779141104294478,0.8650306748466258,0.49079754601226994,0.7286821705426356,0.21778941106727298,326,0.5,0.339,4,5,loh,elastic_net,5
0.6848206556513229,0.6220810481853276,0.665644171779141,0.8220858895705522,0.50920245398773,0.7108753315649867,0.21997313518175346,326,0.5,0.379,4,10,loh,elastic_net,10
0.6765215100304867,0.6165665913555143,0.6595092024539877,0.7975460122699386,0.5214723926380368,0.7008086253369272,0.23124129263718818,326,0.5,0.389,4,20,loh,elastic_net,20
0.6558771500621025,0.6130155027274964,0.6319018404907976,0.7607361963190185,0.5030674846625767,0.6739130434782609,0.24891985454403204,326,0.5,0.362,4,50,loh,elastic_net,50
