lineage,target,feature,n_folds_selected,mean_importance,mean_rank,rank_std,selection_freq,kind,gene
Lymphoid,wgd,TP53 (7157)_damaging,5,0.15042429806058982,1.6,0.5477225575051662,1.0,damaging,TP53
Lymphoid,wgd,TP53 (7157)_hotspot,5,0.10135103785049338,3.0,2.0,1.0,hotspot,TP53
Lymphoid,wgd,NRAS (4893)_hotspot,5,0.08999401281438747,3.4,2.8809720581775866,1.0,hotspot,NRAS
Lymphoid,wgd,ID3 (3399)_damaging,5,0.0878064303577358,4.6,1.6733200530681511,1.0,damaging,ID3
Lymphoid,wgd,KMT2D (8085)_damaging,5,0.07135977701060942,5.0,1.0,1.0,damaging,KMT2D
Lymphoid,wgd,GNA13 (10672)_damaging,5,0.06966428055565219,7.2,5.630275304103699,1.0,damaging,GNA13
Lymphoid,wgd,ARID1A (8289)_damaging,5,0.03265868133039791,9.8,4.324349662087931,1.0,damaging,ARID1A
Lymphoid,wgd,CREBBP (1387)_damaging,5,0.03943037653628219,10.4,3.0495901363953815,1.0,damaging,CREBBP
Lymphoid,wgd,KRAS (3845)_hotspot,5,0.03072752724127798,10.8,5.263078946776307,1.0,hotspot,KRAS
Lymphoid,wgd,EP300 (2033)_damaging,5,0.03909639743394029,11.2,4.024922359499621,1.0,damaging,EP300
Lymphoid,wgd,TTN (7273)_damaging,5,0.0275495940721473,11.8,3.1144823004794877,1.0,damaging,TTN
Lymphoid,wgd,TYRO3 (7301)_damaging,5,0.02570616274991066,12.8,3.96232255123179,1.0,damaging,TYRO3
Lymphoid,wgd,KMT2B (9757)_damaging,5,0.030433438274235718,13.0,4.06201920231798,1.0,damaging,KMT2B
Lymphoid,wgd,SLK (9748)_damaging,5,0.02142589691962898,14.6,3.2093613071762426,1.0,damaging,SLK
Lymphoid,wgd,DNAH5 (1767)_damaging,4,0.02509397193040081,14.25,4.272001872658765,0.8,damaging,DNAH5
Lymphoid,wgd,DDX3X (1654)_damaging,3,0.03720501246080914,12.0,7.0,0.6,damaging,DDX3X
Lymphoid,wgd,PTEN (5728)_damaging,3,0.02618912930825512,15.6,7.797435475847171,0.6,damaging,PTEN
Lymphoid,wgd,HLA-A (3105)_damaging,3,0.010912761824640465,17.666666666666668,2.081665999466132,0.6,damaging,HLA-A
Lymphoid,wgd,BCOR (54880)_damaging,3,0.0181584625600902,18.0,1.0,0.6,damaging,BCOR
Lymphoid,wgd,CDKN2A (1029)_damaging,3,0.018181193376371245,18.5,2.516611478423583,0.6,damaging,CDKN2A
Lymphoid,cin,TP53 (7157)_damaging,5,0.15249690294910218,2.0,1.7320508075688772,1.0,damaging,TP53
Lymphoid,cin,TP53 (7157)_hotspot,5,0.1604359084116747,2.2,0.8366600265340756,1.0,hotspot,TP53
Lymphoid,cin,CREBBP (1387)_damaging,5,0.11311381832998046,2.6,1.3416407864998738,1.0,damaging,CREBBP
Lymphoid,cin,KMT2D (8085)_damaging,5,0.07174807564488843,4.8,1.0954451150103321,1.0,damaging,KMT2D
Lymphoid,cin,ID3 (3399)_damaging,5,0.0835818174561814,5.8,4.604345773288535,1.0,damaging,ID3
Lymphoid,cin,PTEN (5728)_damaging,5,0.05473549815968067,6.4,2.5099800796022267,1.0,damaging,PTEN
Lymphoid,cin,NRAS (4893)_hotspot,5,0.03877147830127274,7.8,1.0954451150103324,1.0,hotspot,NRAS
Lymphoid,cin,KMT2B (9757)_damaging,5,0.02672067110200329,11.6,1.3416407864998738,1.0,damaging,KMT2B
Lymphoid,cin,GNA13 (10672)_damaging,5,0.02807338971986114,11.8,5.215361924162119,1.0,damaging,GNA13
Lymphoid,cin,ARID1A (8289)_damaging,5,0.026396094812833382,12.0,3.6742346141747673,1.0,damaging,ARID1A
Lymphoid,cin,EP300 (2033)_damaging,5,0.028133288822169495,12.0,4.58257569495584,1.0,damaging,EP300
Lymphoid,cin,TTN (7273)_damaging,5,0.027476556052690136,12.4,4.09878030638384,1.0,damaging,TTN
Lymphoid,cin,TYRO3 (7301)_damaging,4,0.02455603634023148,12.75,1.707825127659933,0.8,damaging,TYRO3
Lymphoid,cin,CSMD3 (114788)_damaging,4,0.02161877778486322,14.25,5.560275772537426,0.8,damaging,CSMD3
Lymphoid,cin,SLK (9748)_damaging,4,0.028988850529676636,15.6,6.6558245169174945,0.8,damaging,SLK
Lymphoid,cin,CDKN2A (1029)_damaging,4,0.01349213562614129,18.25,1.4999999999999998,0.8,damaging,CDKN2A
Lymphoid,cin,KRAS (3845)_hotspot,3,0.01835152599763026,16.5,3.872983346207417,0.6,hotspot,KRAS
Lymphoid,cin,DNAH5 (1767)_damaging,2,0.04974978398111662,7.0,0.0,0.4,damaging,DNAH5
Lymphoid,cin,SDHA (6389)_damaging,2,0.02522310171105962,11.5,0.7071067811865476,0.4,damaging,SDHA
Lymphoid,cin,EP400 (57634)_damaging,2,0.021078247594301398,13.5,0.7071067811865476,0.4,damaging,EP400
Lymphoid,loh,TP53 (7157)_hotspot,5,0.08792202646577434,2.8,1.6431676725154984,1.0,hotspot,TP53
Lymphoid,loh,TP53 (7157)_damaging,5,0.0908267575842682,3.6,1.9493588689617927,1.0,damaging,TP53
Lymphoid,loh,ARID1A (8289)_damaging,5,0.07524705221994042,4.6,0.8944271909999159,1.0,damaging,ARID1A
Lymphoid,loh,KMT2D (8085)_damaging,5,0.07084853068463301,5.0,3.24037034920393,1.0,damaging,KMT2D
Lymphoid,loh,ID3 (3399)_damaging,5,0.07167750188198391,6.2,3.5637059362410923,1.0,damaging,ID3
Lymphoid,loh,CREBBP (1387)_damaging,5,0.06705695488255965,6.8,3.1144823004794873,1.0,damaging,CREBBP
Lymphoid,loh,NRAS (4893)_hotspot,5,0.06621364656273879,6.8,3.7013511046643495,1.0,hotspot,NRAS
Lymphoid,loh,PTEN (5728)_damaging,5,0.05135720393200401,8.4,3.2093613071762426,1.0,damaging,PTEN
Lymphoid,loh,KMT2B (9757)_damaging,5,0.030378987466478026,13.6,2.5099800796022267,1.0,damaging,KMT2B
Lymphoid,loh,TTN (7273)_damaging,5,0.029195049498607507,13.6,3.286335345030997,1.0,damaging,TTN
Lymphoid,loh,SLK (9748)_damaging,5,0.023933431771769823,16.8,2.949576240750525,1.0,damaging,SLK
Lymphoid,loh,KRAS (3845)_hotspot,4,0.09309413897736753,2.75,1.2583057392117918,0.8,hotspot,KRAS
Lymphoid,loh,CDKN2A (1029)_damaging,4,0.03651955905929033,12.25,4.9916597106239795,0.8,damaging,CDKN2A
Lymphoid,loh,TYRO3 (7301)_damaging,4,0.03051052643248223,14.0,3.559026084010437,0.8,damaging,TYRO3
Lymphoid,loh,GNA13 (10672)_damaging,4,0.02804301362157318,15.4,4.8270073544588685,0.8,damaging,GNA13
Lymphoid,loh,DDX3X (1654)_damaging,4,0.026334682262310557,15.5,3.1091263510296048,0.8,damaging,DDX3X
Lymphoid,loh,LINC02900 (340073)_damaging,3,0.036172984334597084,11.0,1.0,0.6,damaging,LINC02900
Lymphoid,loh,EP300 (2033)_damaging,3,0.01974922872462474,18.2,5.718391382198319,0.6,damaging,EP300
Lymphoid,loh,HLA-A (3105)_damaging,2,0.03688609115489339,13.333333333333334,7.505553499465136,0.4,damaging,HLA-A
Lymphoid,loh,SDHA (6389)_damaging,2,0.021361976083226774,15.5,0.7071067811865476,0.4,damaging,SDHA
Lung,wgd,TP53 (7157)_damaging,5,0.07561968313827883,1.8,0.4472135954999579,1.0,damaging,TP53
Lung,wgd,RB1 (5925)_damaging,5,0.07001875639015415,3.2,1.9235384061671346,1.0,damaging,RB1
Lung,wgd,KRAS (3845)_hotspot,5,0.05262610982501821,4.6,4.159326868617084,1.0,hotspot,KRAS
Lung,wgd,TP53 (7157)_hotspot,5,0.05184822992082679,4.8,0.8366600265340756,1.0,hotspot,TP53
Lung,wgd,SMARCA4 (6597)_damaging,5,0.05959909332670462,6.6,4.03732584763727,1.0,damaging,SMARCA4
Lung,wgd,KMT2D (8085)_damaging,5,0.04254754350441871,7.8,3.8340579025361627,1.0,damaging,KMT2D
Lung,wgd,TTN (7273)_damaging,5,0.04442504819661321,9.0,4.301162633521313,1.0,damaging,TTN
Lung,wgd,MUC19 (283463)_damaging,5,0.04391149029256826,9.2,3.3466401061363023,1.0,damaging,MUC19
Lung,wgd,LINC02900 (340073)_damaging,5,0.04082657976614419,10.4,6.6558245169174945,1.0,damaging,LINC02900
Lung,wgd,RYR2 (6262)_damaging,5,0.03770626159303946,11.2,3.7013511046643495,1.0,damaging,RYR2
Lung,wgd,STK11 (6794)_damaging,5,0.0379105554746824,11.8,3.7013511046643495,1.0,damaging,STK11
Lung,wgd,CSMD3 (114788)_damaging,5,0.03603091021310058,12.8,4.324349662087931,1.0,damaging,CSMD3
Lung,wgd,MUC16 (94025)_damaging,5,0.03905422465153883,13.6,6.348228099241551,1.0,damaging,MUC16
Lung,wgd,PKHD1L1 (93035)_damaging,4,0.03440347810728202,13.0,8.154753215150045,0.8,damaging,PKHD1L1
Lung,wgd,LRP1B (53353)_damaging,4,0.03211421793917022,15.2,5.167204273105526,0.8,damaging,LRP1B
Lung,wgd,CDKN2A (1029)_damaging,4,0.028457739148062027,15.6,4.6690470119715,0.8,damaging,CDKN2A
Lung,wgd,CDKN2A (1029)_hotspot,4,0.03004838933402242,15.8,8.871302046486749,0.8,hotspot,CDKN2A
Lung,wgd,ZFHX4 (79776)_damaging,4,0.025839703807264396,17.0,4.636809247747852,0.8,damaging,ZFHX4
Lung,wgd,PTEN (5728)_damaging,3,0.024008804574124114,19.2,2.2803508501982757,0.6,damaging,PTEN
Lung,wgd,XIRP2 (129446)_damaging,2,0.028345766733825037,18.333333333333332,4.932882862316248,0.4,damaging,XIRP2
Lung,cin,TP53 (7157)_damaging,5,0.06810664235418251,1.8,0.8366600265340756,1.0,damaging,TP53
Lung,cin,TP53 (7157)_hotspot,5,0.05495237760632794,2.4,1.1401754250991378,1.0,hotspot,TP53
Lung,cin,RB1 (5925)_damaging,5,0.0551389135370682,3.8,2.588435821108957,1.0,damaging,RB1
Lung,cin,KRAS (3845)_hotspot,5,0.04540451470997346,7.0,1.8708286933869709,1.0,hotspot,KRAS
Lung,cin,CSMD3 (114788)_damaging,5,0.04493739765174804,7.6,4.61519230368573,1.0,damaging,CSMD3
Lung,cin,TTN (7273)_damaging,5,0.04314748542986195,8.4,2.701851217221259,1.0,damaging,TTN
Lung,cin,SMARCA4 (6597)_damaging,5,0.042410815515557476,8.8,1.6431676725154982,1.0,damaging,SMARCA4
Lung,cin,STK11 (6794)_damaging,5,0.042155981587880476,9.4,3.7815340802378077,1.0,damaging,STK11
Lung,cin,KMT2D (8085)_damaging,5,0.037591098805390834,10.8,5.06951674225463,1.0,damaging,KMT2D
Lung,cin,RYR2 (6262)_damaging,5,0.039825584027161395,11.0,5.0990195135927845,1.0,damaging,RYR2
Lung,cin,MUC19 (283463)_damaging,4,0.035983736301771076,14.2,8.167006795638168,0.8,damaging,MUC19
Lung,cin,LRP1B (53353)_damaging,4,0.03399386773111941,15.2,7.395944834840239,0.8,damaging,LRP1B
Lung,cin,MUC16 (94025)_damaging,4,0.033949503413101614,15.2,8.043631020876083,0.8,damaging,MUC16
Lung,cin,CDKN2A (1029)_hotspot,4,0.033593326928553366,15.4,8.264381404557755,0.8,hotspot,CDKN2A
Lung,cin,ZFHX4 (79776)_damaging,4,0.030960037763393428,16.0,8.831760866327848,0.8,damaging,ZFHX4
Lung,cin,PTEN (5728)_damaging,4,0.029983085747120837,17.6,3.7815340802378077,0.8,damaging,PTEN
Lung,cin,CDKN2A (1029)_damaging,4,0.029542620141996184,18.0,3.391164991562634,0.8,damaging,CDKN2A
Lung,cin,LINC02900 (340073)_damaging,3,0.035345924824305354,14.0,6.745368781616021,0.6,damaging,LINC02900
Lung,cin,MGA (23269)_damaging,3,0.034521808149561635,15.0,7.874007874011811,0.6,damaging,MGA
Lung,cin,EP300 (2033)_damaging,2,0.04598502172504531,5.5,6.363961030678928,0.4,damaging,EP300
Lung,loh,TP53 (7157)_damaging,5,0.19825331923199144,1.0,0.0,1.0,damaging,TP53
Lung,loh,TTN (7273)_damaging,5,0.07554591587401457,3.6,1.1401754250991378,1.0,damaging,TTN
Lung,loh,TP53 (7157)_hotspot,5,0.07412284554323455,3.8,1.3038404810405297,1.0,hotspot,TP53
Lung,loh,MUC16 (94025)_damaging,5,0.06349379469079383,5.2,3.271085446759225,1.0,damaging,MUC16
Lung,loh,RB1 (5925)_damaging,5,0.06119267700182933,5.4,2.701851217221259,1.0,damaging,RB1
Lung,loh,SMARCA4 (6597)_damaging,5,0.05695666085679803,5.6,2.4083189157584592,1.0,damaging,SMARCA4
Lung,loh,KRAS (3845)_hotspot,5,0.04389231014340514,7.2,1.6431676725154984,1.0,hotspot,KRAS
Lung,loh,STK11 (6794)_damaging,5,0.04564303680325366,7.2,1.6431676725154984,1.0,damaging,STK11
Lung,loh,CDKN2A (1029)_damaging,5,0.04057232952825447,10.6,5.366563145999495,1.0,damaging,CDKN2A
Lung,loh,RYR2 (6262)_damaging,5,0.033154960752951955,10.8,3.271085446759225,1.0,damaging,RYR2
Lung,loh,KMT2D (8085)_damaging,5,0.025423403943630705,13.6,2.4083189157584592,1.0,damaging,KMT2D
Lung,loh,CSMD3 (114788)_damaging,5,0.025867505810016032,14.0,2.0,1.0,damaging,CSMD3
Lung,loh,CDKN2A (1029)_hotspot,5,0.02026528026736976,16.6,2.6076809620810595,1.0,hotspot,CDKN2A
Lung,loh,PTEN (5728)_damaging,5,0.020622723707901514,17.0,2.0,1.0,damaging,PTEN
Lung,loh,NF1 (4763)_damaging,4,0.035320522238924165,10.75,2.6299556396765835,0.8,damaging,NF1
Lung,loh,PCDH15 (65217)_damaging,4,0.022642979066972234,15.0,4.163331998932265,0.8,damaging,PCDH15
Lung,loh,ZFHX4 (79776)_damaging,4,0.023217622817218255,15.4,6.767569726275452,0.8,damaging,ZFHX4
Lung,loh,LINC02900 (340073)_damaging,4,0.02073674480561883,17.0,8.12403840463596,0.8,damaging,LINC02900
Lung,loh,MUC19 (283463)_damaging,3,0.02174695299079022,16.2,4.43846820423443,0.6,damaging,MUC19
Lung,loh,COL11A1 (1301)_damaging,2,0.020747296989008714,18.0,1.4142135623730951,0.4,damaging,COL11A1
Skin,wgd,BRAF (673)_hotspot,5,0.2516087025019914,1.2,0.4472135954999579,1.0,hotspot,BRAF
Skin,wgd,CDKN2A (1029)_damaging,5,0.12944444714208408,2.6,0.5477225575051661,1.0,damaging,CDKN2A
Skin,wgd,TTN (7273)_damaging,5,0.15017480222480617,2.8,1.6431676725154984,1.0,damaging,TTN
Skin,wgd,TERT (7015)_hotspot,5,0.10212763494171326,4.8,1.4832396974191326,1.0,hotspot,TERT
Skin,wgd,NRAS (4893)_hotspot,5,0.08775188622704702,5.8,1.4832396974191326,1.0,hotspot,NRAS
Skin,wgd,TP53 (7157)_damaging,5,0.08363138741191237,5.8,2.3874672772626644,1.0,damaging,TP53
Skin,wgd,TP53 (7157)_hotspot,5,0.0708464804778035,6.8,0.8366600265340756,1.0,hotspot,TP53
Skin,wgd,CDKN2A (1029)_hotspot,5,0.05857701669250383,7.4,2.0736441353327724,1.0,hotspot,CDKN2A
Skin,wgd,MUC16 (94025)_damaging,4,0.06583561112779927,7.5,1.7320508075688774,0.8,damaging,MUC16
Skin,wgd,THSD7B (80731)_damaging,2,0.02371182101087284,9.5,0.7071067811865476,0.4,damaging,THSD7B
Skin,wgd,CSMD1 (64478)_damaging,1,0.018422125367749245,10.0,,0.2,damaging,CSMD1
Skin,cin,TP53 (7157)_damaging,5,0.13932571624510967,2.2,1.3038404810405297,1.0,damaging,TP53
Skin,cin,NRAS (4893)_hotspot,5,0.19057263393984997,2.8,3.03315017762062,1.0,hotspot,NRAS
Skin,cin,BRAF (673)_hotspot,5,0.1428444655467862,3.2,1.6431676725154984,1.0,hotspot,BRAF
Skin,cin,CDKN2A (1029)_damaging,5,0.11064715885110413,4.6,1.1401754250991378,1.0,damaging,CDKN2A
Skin,cin,TERT (7015)_hotspot,5,0.0981473239770183,4.6,1.6733200530681511,1.0,hotspot,TERT
Skin,cin,TTN (7273)_damaging,5,0.1085044317959614,4.6,1.816590212458495,1.0,damaging,TTN
Skin,cin,TP53 (7157)_hotspot,5,0.07438269047270629,7.4,1.1401754250991378,1.0,hotspot,TP53
Skin,cin,CDKN2A (1029)_hotspot,5,0.04620534899801508,9.0,1.0,1.0,hotspot,CDKN2A
Skin,cin,MUC16 (94025)_damaging,4,0.06046510457116374,8.0,1.1547005383792517,0.8,damaging,MUC16
Skin,cin,THSD7B (80731)_damaging,2,0.08242021185056005,6.0,2.8284271247461903,0.4,damaging,THSD7B
Skin,cin,CSMD1 (64478)_damaging,1,0.0401503088814695,9.0,,0.2,damaging,CSMD1
Skin,loh,BRAF (673)_hotspot,5,0.3106832227320397,1.0,0.0,1.0,hotspot,BRAF
Skin,loh,TERT (7015)_hotspot,5,0.12629293696138505,2.6,0.8944271909999159,1.0,hotspot,TERT
Skin,loh,NRAS (4893)_hotspot,5,0.09763745731458437,4.0,1.5811388300841898,1.0,hotspot,NRAS
Skin,loh,TP53 (7157)_damaging,5,0.08932877210943735,5.4,1.51657508881031,1.0,damaging,TP53
Skin,loh,CDKN2A (1029)_damaging,5,0.07859520866472687,6.0,0.7071067811865476,1.0,damaging,CDKN2A
Skin,loh,TTN (7273)_damaging,5,0.07747950283970598,6.0,1.5811388300841898,1.0,damaging,TTN
Skin,loh,CDKN2A (1029)_hotspot,5,0.07850784600069607,6.4,2.4083189157584592,1.0,hotspot,CDKN2A
Skin,loh,TP53 (7157)_hotspot,5,0.05993166849058958,8.4,0.5477225575051662,1.0,hotspot,TP53
Skin,loh,MUC16 (94025)_damaging,3,0.08535253224383425,5.333333333333333,4.041451884327381,0.6,damaging,MUC16
Skin,loh,CSMD1 (64478)_damaging,2,0.01871665707840267,10.0,1.4142135623730951,0.4,damaging,CSMD1
Skin,loh,THSD7B (80731)_damaging,1,0.11422601354586727,2.0,,0.2,damaging,THSD7B
CNS/Brain,wgd,TP53 (7157)_damaging,5,0.2923825405586397,1.8,0.4472135954999579,1.0,damaging,TP53
CNS/Brain,wgd,TERT (7015)_hotspot,5,0.24730753110172515,2.0,1.0,1.0,hotspot,TERT
CNS/Brain,wgd,TP53 (7157)_hotspot,5,0.25938979618318303,2.2,1.0954451150103321,1.0,hotspot,TP53
CNS/Brain,wgd,PTEN (5728)_damaging,5,0.07576825828919106,4.4,0.5477225575051662,1.0,damaging,PTEN
CNS/Brain,wgd,PTEN (5728)_hotspot,5,0.052374419512628057,5.4,0.8944271909999159,1.0,hotspot,PTEN
CNS/Brain,wgd,NF1 (4763)_damaging,5,0.03661524790077822,6.2,0.8366600265340757,1.0,damaging,NF1
CNS/Brain,wgd,RB1 (5925)_damaging,3,0.06027034408975795,5.333333333333333,1.5275252316519468,0.6,damaging,RB1
CNS/Brain,cin,TP53 (7157)_hotspot,5,0.31580798087039996,1.0,0.0,1.0,hotspot,TP53
CNS/Brain,cin,TP53 (7157)_damaging,5,0.2721463406465537,2.2,0.447213595499958,1.0,damaging,TP53
CNS/Brain,cin,TERT (7015)_hotspot,5,0.16167056588251566,3.2,1.0954451150103324,1.0,hotspot,TERT
CNS/Brain,cin,PTEN (5728)_damaging,5,0.10299421304845516,4.4,0.8944271909999159,1.0,damaging,PTEN
CNS/Brain,cin,NF1 (4763)_damaging,5,0.04492399067176565,6.0,1.0,1.0,damaging,NF1
CNS/Brain,cin,PTEN (5728)_hotspot,4,0.059297262705131276,5.5,0.5773502691896257,0.8,hotspot,PTEN
CNS/Brain,cin,RB1 (5925)_damaging,2,0.1375477467905124,3.5,0.7071067811865476,0.4,damaging,RB1
CNS/Brain,loh,TERT (7015)_hotspot,5,0.41185649915449707,1.0,0.0,1.0,hotspot,TERT
CNS/Brain,loh,TP53 (7157)_damaging,5,0.21110560169431875,2.4,0.5477225575051661,1.0,damaging,TP53
CNS/Brain,loh,TP53 (7157)_hotspot,5,0.19208269387283244,2.6,0.5477225575051661,1.0,hotspot,TP53
CNS/Brain,loh,PTEN (5728)_damaging,5,0.08986680416029746,4.0,0.0,1.0,damaging,PTEN
CNS/Brain,loh,PTEN (5728)_hotspot,5,0.04454931353974718,5.6,0.8944271909999159,1.0,hotspot,PTEN
CNS/Brain,loh,NF1 (4763)_damaging,5,0.030143439640791504,6.2,0.44721359549995787,1.0,damaging,NF1
CNS/Brain,loh,RB1 (5925)_damaging,2,0.05098911984378915,5.0,0.0,0.4,damaging,RB1
Head and Neck,wgd,TERT (7015)_hotspot,5,0.24884741336012312,2.2,1.6431676725154982,1.0,hotspot,TERT
Head and Neck,wgd,TP53 (7157)_hotspot,5,0.2451756281225502,2.2,1.6431676725154984,1.0,hotspot,TP53
Head and Neck,wgd,CDKN2A (1029)_damaging,5,0.1715772122427818,3.2,0.447213595499958,1.0,damaging,CDKN2A
Head and Neck,wgd,TP53 (7157)_damaging,5,0.12508404536707268,4.2,2.04939015319192,1.0,damaging,TP53
Head and Neck,wgd,CDKN2A (1029)_hotspot,5,0.11490025093954448,4.4,1.5165750888103102,1.0,hotspot,CDKN2A
Head and Neck,wgd,FAT1 (2195)_damaging,5,0.0944154499679278,4.8,1.30384048104053,1.0,damaging,FAT1
Head and Neck,cin,TERT (7015)_hotspot,5,0.20330143662707795,2.6,1.6733200530681511,1.0,hotspot,TERT
Head and Neck,cin,CDKN2A (1029)_damaging,5,0.18231398771320037,3.0,1.0,1.0,damaging,CDKN2A
Head and Neck,cin,FAT1 (2195)_damaging,5,0.17100324895594282,3.0,2.345207879911715,1.0,damaging,FAT1
Head and Neck,cin,CDKN2A (1029)_hotspot,5,0.16931548334861996,3.2,1.3038404810405297,1.0,hotspot,CDKN2A
Head and Neck,cin,TP53 (7157)_hotspot,5,0.1650614520275822,3.4,1.51657508881031,1.0,hotspot,TP53
Head and Neck,cin,TP53 (7157)_damaging,5,0.10900439132757675,5.8,0.44721359549995787,1.0,damaging,TP53
Head and Neck,loh,TERT (7015)_hotspot,5,0.26403532795647394,1.0,0.0,1.0,hotspot,TERT
Head and Neck,loh,TP53 (7157)_hotspot,5,0.16635008254124214,3.0,1.4142135623730951,1.0,hotspot,TP53
Head and Neck,loh,CDKN2A (1029)_damaging,5,0.1707598475986102,3.4,1.5165750888103102,1.0,damaging,CDKN2A
Head and Neck,loh,FAT1 (2195)_damaging,5,0.16263826798311756,3.6,0.5477225575051662,1.0,damaging,FAT1
Head and Neck,loh,TP53 (7157)_damaging,5,0.12258217965030235,4.4,1.51657508881031,1.0,damaging,TP53
Head and Neck,loh,CDKN2A (1029)_hotspot,5,0.11363429427025377,5.6,0.547722557505166,1.0,hotspot,CDKN2A
Bone,wgd,TP53 (7157)_hotspot,5,0.5453956735429479,1.0,0.0,1.0,hotspot,TP53
Bone,wgd,TP53 (7157)_damaging,5,0.454604326457052,2.0,0.0,1.0,damaging,TP53
Bone,cin,TP53 (7157)_hotspot,5,0.5400645124588673,1.0,0.0,1.0,hotspot,TP53
Bone,cin,TP53 (7157)_damaging,5,0.4599354875411327,2.0,0.0,1.0,damaging,TP53
Bone,loh,TP53 (7157)_damaging,5,0.4349903664603965,1.6,0.5477225575051661,1.0,damaging,TP53
Bone,loh,TP53 (7157)_hotspot,5,0.4954406317796566,1.6,0.8944271909999159,1.0,hotspot,TP53
Bone,loh,STAG2 (10735)_damaging,1,0.3478450087997346,2.0,,0.2,damaging,STAG2
Myeloid,wgd,TP53 (7157)_damaging,5,0.42941249443711893,1.0,0.0,1.0,damaging,TP53
Myeloid,wgd,ASXL1 (171023)_damaging,5,0.214882278531644,2.6,0.8944271909999159,1.0,damaging,ASXL1
Myeloid,wgd,TP53 (7157)_hotspot,5,0.18001502885903292,2.8,0.447213595499958,1.0,hotspot,TP53
Myeloid,wgd,NRAS (4893)_hotspot,5,0.17569019817220416,3.6,0.8944271909999159,1.0,hotspot,NRAS
Bowel,wgd,FBXW7 (55294)_damaging,5,0.18232120431904267,1.4,0.5477225575051662,1.0,damaging,FBXW7
Bowel,wgd,KRAS (3845)_hotspot,5,0.09996284522522818,4.8,1.7888543819998317,1.0,hotspot,KRAS
Bowel,wgd,TP53 (7157)_damaging,5,0.10002348159513544,5.0,3.605551275463989,1.0,damaging,TP53
Bowel,wgd,TTN (7273)_damaging,5,0.09269157318026586,5.0,1.224744871391589,1.0,damaging,TTN
Bowel,wgd,APC (324)_hotspot,5,0.10339750045679004,5.8,3.420526275297414,1.0,hotspot,APC
Bowel,wgd,TP53 (7157)_hotspot,5,0.06391578858833122,8.6,1.949358868961793,1.0,hotspot,TP53
Bowel,wgd,APC (324)_damaging,5,0.06597512435589772,8.8,2.949576240750525,1.0,damaging,APC
Bowel,wgd,BRAF (673)_hotspot,4,0.07844740042218379,6.75,1.707825127659933,0.8,hotspot,BRAF
Bowel,wgd,PIK3CA (5290)_hotspot,4,0.07722856634878773,6.75,2.629955639676583,0.8,hotspot,PIK3CA
Bowel,wgd,FAT3 (120114)_damaging,2,0.1224946884175569,2.5,0.7071067811865476,0.4,damaging,FAT3
Bowel,wgd,ATM (472)_damaging,2,0.06430260513942815,8.0,0.0,0.4,damaging,ATM
Bowel,wgd,DOCK3 (1795)_damaging,1,0.1859519234582287,1.0,,0.2,damaging,DOCK3
Bowel,wgd,SMAD4 (4089)_damaging,1,0.11593100332767806,3.0,,0.2,damaging,SMAD4
Bowel,wgd,FBXW7 (55294)_hotspot,1,0.10626928509501242,4.0,,0.2,hotspot,FBXW7
Bowel,wgd,NEB (4703)_damaging,1,0.054111745317769286,9.0,,0.2,damaging,NEB
Bowel,cin,TTN (7273)_damaging,5,0.15873812871012385,1.2,0.4472135954999579,1.0,damaging,TTN
Bowel,cin,FBXW7 (55294)_damaging,5,0.12745014603688182,2.4,1.140175425099138,1.0,damaging,FBXW7
Bowel,cin,PIK3CA (5290)_hotspot,5,0.10575296833999456,4.0,1.5811388300841898,1.0,hotspot,PIK3CA
Bowel,cin,KRAS (3845)_hotspot,5,0.08744081626844667,5.4,2.073644135332772,1.0,hotspot,KRAS
Bowel,cin,APC (324)_hotspot,5,0.0763619813826584,7.4,2.701851217221259,1.0,hotspot,APC
Bowel,cin,APC (324)_damaging,5,0.07521693189702541,8.2,3.9623225512317903,1.0,damaging,APC
Bowel,cin,TP53 (7157)_hotspot,5,0.07296559525643483,8.2,1.6431676725154982,1.0,hotspot,TP53
Bowel,cin,TP53 (7157)_damaging,5,0.04981528990689462,10.6,1.949358868961793,1.0,damaging,TP53
Bowel,cin,BRAF (673)_hotspot,4,0.08532704942273456,7.5,3.696845502136472,0.8,hotspot,BRAF
Bowel,cin,FAT3 (120114)_damaging,3,0.1058072111090597,5.333333333333333,3.055050463303893,0.6,damaging,FAT3
Bowel,cin,ATM (472)_damaging,3,0.06396972464330686,9.0,3.605551275463989,0.6,damaging,ATM
Bowel,cin,NEB (4703)_damaging,2,0.0987455807424431,3.5,0.7071067811865476,0.4,damaging,NEB
Bowel,cin,DOCK3 (1795)_damaging,1,0.07796658043616277,5.0,,0.2,damaging,DOCK3
Bowel,cin,SMAD4 (4089)_damaging,1,0.06082585836254737,7.0,,0.2,damaging,SMAD4
Bowel,cin,EP300 (2033)_damaging,1,0.04436810577606441,11.0,,0.2,damaging,EP300
Bowel,loh,TP53 (7157)_hotspot,5,0.110282004857165,3.6,2.5099800796022267,1.0,hotspot,TP53
Bowel,loh,TTN (7273)_damaging,5,0.12113685899597196,4.4,3.9749213828703582,1.0,damaging,TTN
Bowel,loh,KRAS (3845)_hotspot,5,0.10366997091437755,4.8,2.8635642126552705,1.0,hotspot,KRAS
Bowel,loh,TP53 (7157)_damaging,5,0.11041542241955633,5.8,3.5637059362410923,1.0,damaging,TP53
Bowel,loh,APC (324)_damaging,5,0.07945198268170259,6.8,3.1144823004794873,1.0,damaging,APC
Bowel,loh,BRAF (673)_hotspot,5,0.07470594770860181,7.0,4.949747468305833,1.0,hotspot,BRAF
Bowel,loh,APC (324)_hotspot,5,0.07518683522136613,7.2,1.6431676725154984,1.0,hotspot,APC
Bowel,loh,FBXW7 (55294)_damaging,5,0.0685250072542862,8.4,4.219004621945797,1.0,damaging,FBXW7
Bowel,loh,PIK3CA (5290)_hotspot,4,0.10517208761136573,5.5,2.3804761428476167,0.8,hotspot,PIK3CA
Bowel,loh,ATM (472)_damaging,3,0.04163692386861472,10.333333333333334,1.5275252316519468,0.6,damaging,ATM
Bowel,loh,FAT3 (120114)_damaging,2,0.10821269809277688,4.0,2.8284271247461903,0.4,damaging,FAT3
Bowel,loh,NEB (4703)_damaging,2,0.0908407760057671,5.0,1.4142135623730951,0.4,damaging,NEB
Bowel,loh,SMAD4 (4089)_damaging,2,0.029628335164304943,12.0,2.8284271247461903,0.4,damaging,SMAD4
Bowel,loh,SYNE1 (23345)_damaging,1,0.1480447235920013,1.0,,0.2,damaging,SYNE1
Bowel,loh,USH2A (7399)_damaging,1,0.08287307833220536,5.0,,0.2,damaging,USH2A
Bowel,loh,EP300 (2033)_damaging,1,0.04924930723365089,10.0,,0.2,damaging,EP300
Soft Tissue,wgd,TP53 (7157)_damaging,5,0.575285375227564,1.0,0.0,1.0,damaging,TP53
Soft Tissue,wgd,TP53 (7157)_hotspot,5,0.424714624772436,2.0,0.0,1.0,hotspot,TP53
Soft Tissue,cin,TP53 (7157)_damaging,5,0.6221062475228903,1.0,0.0,1.0,damaging,TP53
Soft Tissue,cin,TP53 (7157)_hotspot,4,0.4723671905963871,2.0,0.0,0.8,hotspot,TP53
Soft Tissue,loh,TP53 (7157)_hotspot,5,0.5431117343073463,1.2,0.4472135954999579,1.0,hotspot,TP53
Soft Tissue,loh,TP53 (7157)_damaging,5,0.45688826569265373,1.8,0.4472135954999579,1.0,damaging,TP53
