fold,panel_size,target,feature
0,5,wgd,TP53 (7157)_damaging
0,5,wgd,TP53 (7157)_hotspot
0,5,wgd,TERT (7015)_hotspot
0,5,wgd,BRAF (673)_hotspot
0,5,wgd,ID3 (3399)_damaging
0,10,wgd,TP53 (7157)_damaging
0,10,wgd,TP53 (7157)_hotspot
0,10,wgd,TERT (7015)_hotspot
0,10,wgd,BRAF (673)_hotspot
0,10,wgd,ID3 (3399)_damaging
0,10,wgd,KRAS (3845)_hotspot
0,10,wgd,CREBBP (1387)_damaging
0,10,wgd,TTN (7273)_damaging
0,10,wgd,LRP1B (53353)_damaging
0,10,wgd,APC (324)_damaging
0,20,wgd,TP53 (7157)_damaging
0,20,wgd,TP53 (7157)_hotspot
0,20,wgd,TERT (7015)_hotspot
0,20,wgd,BRAF (673)_hotspot
0,20,wgd,ID3 (3399)_damaging
0,20,wgd,KRAS (3845)_hotspot
0,20,wgd,CREBBP (1387)_damaging
0,20,wgd,TTN (7273)_damaging
0,20,wgd,LRP1B (53353)_damaging
0,20,wgd,APC (324)_damaging
0,20,wgd,CCND3 (896)_damaging
0,20,wgd,CSMD1 (64478)_damaging
0,20,wgd,BCOR (54880)_damaging
0,20,wgd,CDKN2A (1029)_damaging
0,20,wgd,RB1 (5925)_damaging
0,20,wgd,MTOR (2475)_hotspot
0,20,wgd,KMT2D (8085)_damaging
0,20,wgd,MUC16 (94025)_damaging
0,20,wgd,GNA13 (10672)_damaging
0,20,wgd,PITX1 (5307)_damaging
0,50,wgd,TP53 (7157)_damaging
0,50,wgd,TP53 (7157)_hotspot
0,50,wgd,TERT (7015)_hotspot
0,50,wgd,BRAF (673)_hotspot
0,50,wgd,ID3 (3399)_damaging
0,50,wgd,KRAS (3845)_hotspot
0,50,wgd,CREBBP (1387)_damaging
0,50,wgd,TTN (7273)_damaging
0,50,wgd,LRP1B (53353)_damaging
0,50,wgd,APC (324)_damaging
0,50,wgd,CCND3 (896)_damaging
0,50,wgd,CSMD1 (64478)_damaging
0,50,wgd,BCOR (54880)_damaging
0,50,wgd,CDKN2A (1029)_damaging
0,50,wgd,RB1 (5925)_damaging
0,50,wgd,MTOR (2475)_hotspot
0,50,wgd,KMT2D (8085)_damaging
0,50,wgd,MUC16 (94025)_damaging
0,50,wgd,GNA13 (10672)_damaging
0,50,wgd,PITX1 (5307)_damaging
0,50,wgd,FAT1 (2195)_damaging
0,50,wgd,NF1 (4763)_damaging
0,50,wgd,ASXL1 (171023)_damaging
0,50,wgd,PIK3CA (5290)_hotspot
0,50,wgd,DNAH8 (1769)_damaging
0,50,wgd,RYR2 (6262)_damaging
0,50,wgd,HLA-A (3105)_damaging
0,50,wgd,SPAG8 (26206)_damaging
0,50,wgd,NF2 (4771)_damaging
0,50,wgd,SPATA22 (84690)_damaging
0,50,wgd,NFE2L2 (4780)_hotspot
0,50,wgd,MUC19 (283463)_damaging
0,50,wgd,USH2A (7399)_damaging
0,50,wgd,C2orf81 (388963)_hotspot
0,50,wgd,MSH3 (4437)_damaging
0,50,wgd,ABCA13 (154664)_damaging
0,50,wgd,RB1 (5925)_hotspot
0,50,wgd,DDX3X (1654)_damaging
0,50,wgd,NRAS (4893)_hotspot
0,50,wgd,PDS5B (23047)_damaging
0,50,wgd,SLK (9748)_damaging
0,50,wgd,ARID1A (8289)_damaging
0,50,wgd,THSD7B (80731)_damaging
0,50,wgd,AKAP9 (10142)_damaging
0,50,wgd,MYH1 (4619)_damaging
0,50,wgd,SIN3A (25942)_damaging
0,50,wgd,TGFBR2 (7048)_damaging
0,50,wgd,RPL22 (6146)_damaging
0,50,wgd,EGFR (1956)_hotspot
0,50,wgd,DGKH (160851)_damaging
1,5,wgd,TP53 (7157)_damaging
1,5,wgd,TP53 (7157)_hotspot
1,5,wgd,BRAF (673)_hotspot
1,5,wgd,TERT (7015)_hotspot
1,5,wgd,CREBBP (1387)_damaging
1,10,wgd,TP53 (7157)_damaging
1,10,wgd,TP53 (7157)_hotspot
1,10,wgd,BRAF (673)_hotspot
1,10,wgd,TERT (7015)_hotspot
1,10,wgd,CREBBP (1387)_damaging
1,10,wgd,KRAS (3845)_hotspot
1,10,wgd,ID3 (3399)_damaging
1,10,wgd,LRP1B (53353)_damaging
1,10,wgd,RB1 (5925)_damaging
1,10,wgd,BCOR (54880)_damaging
1,20,wgd,TP53 (7157)_damaging
1,20,wgd,TP53 (7157)_hotspot
1,20,wgd,BRAF (673)_hotspot
1,20,wgd,TERT (7015)_hotspot
1,20,wgd,CREBBP (1387)_damaging
1,20,wgd,KRAS (3845)_hotspot
1,20,wgd,ID3 (3399)_damaging
1,20,wgd,LRP1B (53353)_damaging
1,20,wgd,RB1 (5925)_damaging
1,20,wgd,BCOR (54880)_damaging
1,20,wgd,TTN (7273)_damaging
1,20,wgd,APC (324)_damaging
1,20,wgd,NRAS (4893)_hotspot
1,20,wgd,CDKN2A (1029)_damaging
1,20,wgd,KMT2D (8085)_damaging
1,20,wgd,DGKH (160851)_damaging
1,20,wgd,FAT1 (2195)_damaging
1,20,wgd,ARID1A (8289)_damaging
1,20,wgd,NF1 (4763)_damaging
1,20,wgd,GNA13 (10672)_damaging
1,50,wgd,TP53 (7157)_damaging
1,50,wgd,TP53 (7157)_hotspot
1,50,wgd,BRAF (673)_hotspot
1,50,wgd,TERT (7015)_hotspot
1,50,wgd,CREBBP (1387)_damaging
1,50,wgd,KRAS (3845)_hotspot
1,50,wgd,ID3 (3399)_damaging
1,50,wgd,LRP1B (53353)_damaging
1,50,wgd,RB1 (5925)_damaging
1,50,wgd,BCOR (54880)_damaging
1,50,wgd,TTN (7273)_damaging
1,50,wgd,APC (324)_damaging
1,50,wgd,NRAS (4893)_hotspot
1,50,wgd,CDKN2A (1029)_damaging
1,50,wgd,KMT2D (8085)_damaging
1,50,wgd,DGKH (160851)_damaging
1,50,wgd,FAT1 (2195)_damaging
1,50,wgd,ARID1A (8289)_damaging
1,50,wgd,NF1 (4763)_damaging
1,50,wgd,GNA13 (10672)_damaging
1,50,wgd,DNAH9 (1770)_damaging
1,50,wgd,TGFBR2 (7048)_damaging
1,50,wgd,MTOR (2475)_hotspot
1,50,wgd,PIK3CA (5290)_hotspot
1,50,wgd,NFE2L2 (4780)_hotspot
1,50,wgd,SPATA22 (84690)_damaging
1,50,wgd,SMAD4 (4089)_damaging
1,50,wgd,RPL22 (6146)_damaging
1,50,wgd,SMAD4 (4089)_hotspot
1,50,wgd,SIN3A (25942)_damaging
1,50,wgd,MUC16 (94025)_damaging
1,50,wgd,MSH3 (4437)_damaging
1,50,wgd,HMCN1 (83872)_damaging
1,50,wgd,DNAH8 (1769)_damaging
1,50,wgd,PMS2 (5395)_damaging
1,50,wgd,EZH2 (2146)_hotspot
1,50,wgd,STK11 (6794)_damaging
1,50,wgd,IGFN1 (91156)_damaging
1,50,wgd,SCN2A (6326)_damaging
1,50,wgd,CSMD1 (64478)_damaging
1,50,wgd,XIRP2 (129446)_damaging
1,50,wgd,MYH1 (4619)_damaging
1,50,wgd,NF2 (4771)_damaging
1,50,wgd,SPAG8 (26206)_damaging
1,50,wgd,FAT2 (2196)_damaging
1,50,wgd,FBXW7 (55294)_damaging
1,50,wgd,FSIP2 (401024)_damaging
1,50,wgd,FHOD3 (80206)_damaging
1,50,wgd,RAD50 (10111)_damaging
1,50,wgd,CCND3 (896)_damaging
2,5,wgd,TP53 (7157)_damaging
2,5,wgd,TP53 (7157)_hotspot
2,5,wgd,TERT (7015)_hotspot
2,5,wgd,BRAF (673)_hotspot
2,5,wgd,ID3 (3399)_damaging
2,10,wgd,TP53 (7157)_damaging
2,10,wgd,TP53 (7157)_hotspot
2,10,wgd,TERT (7015)_hotspot
2,10,wgd,BRAF (673)_hotspot
2,10,wgd,ID3 (3399)_damaging
2,10,wgd,LRP1B (53353)_damaging
2,10,wgd,RB1 (5925)_damaging
2,10,wgd,PDS5B (23047)_damaging
2,10,wgd,GNA13 (10672)_damaging
2,10,wgd,RPL22 (6146)_damaging
2,20,wgd,TP53 (7157)_damaging
2,20,wgd,TP53 (7157)_hotspot
2,20,wgd,TERT (7015)_hotspot
2,20,wgd,BRAF (673)_hotspot
2,20,wgd,ID3 (3399)_damaging
2,20,wgd,LRP1B (53353)_damaging
2,20,wgd,RB1 (5925)_damaging
2,20,wgd,PDS5B (23047)_damaging
2,20,wgd,GNA13 (10672)_damaging
2,20,wgd,RPL22 (6146)_damaging
2,20,wgd,RB1 (5925)_hotspot
2,20,wgd,CDKN2A (1029)_damaging
2,20,wgd,TTN (7273)_damaging
2,20,wgd,MTOR (2475)_hotspot
2,20,wgd,CREBBP (1387)_damaging
2,20,wgd,KMT2D (8085)_damaging
2,20,wgd,KRAS (3845)_hotspot
2,20,wgd,BCOR (54880)_damaging
2,20,wgd,CCND3 (896)_damaging
2,20,wgd,TNFAIP3 (7128)_damaging
2,50,wgd,TP53 (7157)_damaging
2,50,wgd,TP53 (7157)_hotspot
2,50,wgd,TERT (7015)_hotspot
2,50,wgd,BRAF (673)_hotspot
2,50,wgd,ID3 (3399)_damaging
2,50,wgd,LRP1B (53353)_damaging
2,50,wgd,RB1 (5925)_damaging
2,50,wgd,PDS5B (23047)_damaging
2,50,wgd,GNA13 (10672)_damaging
2,50,wgd,RPL22 (6146)_damaging
2,50,wgd,RB1 (5925)_hotspot
2,50,wgd,CDKN2A (1029)_damaging
2,50,wgd,TTN (7273)_damaging
2,50,wgd,MTOR (2475)_hotspot
2,50,wgd,CREBBP (1387)_damaging
2,50,wgd,KMT2D (8085)_damaging
2,50,wgd,KRAS (3845)_hotspot
2,50,wgd,BCOR (54880)_damaging
2,50,wgd,CCND3 (896)_damaging
2,50,wgd,TNFAIP3 (7128)_damaging
2,50,wgd,MSH3 (4437)_damaging
2,50,wgd,CTCF (10664)_damaging
2,50,wgd,SIN3A (25942)_damaging
2,50,wgd,APC (324)_damaging
2,50,wgd,RAD50 (10111)_damaging
2,50,wgd,FAT1 (2195)_damaging
2,50,wgd,STAB2 (55576)_damaging
2,50,wgd,FHOD3 (80206)_damaging
2,50,wgd,ABCC9 (10060)_damaging
2,50,wgd,RYR2 (6262)_damaging
2,50,wgd,DNAH9 (1770)_damaging
2,50,wgd,SMAD4 (4089)_damaging
2,50,wgd,PITX1 (5307)_damaging
2,50,wgd,CNTNAP2 (26047)_damaging
2,50,wgd,FOXO1 (2308)_damaging
2,50,wgd,RYR3 (6263)_damaging
2,50,wgd,THSD7B (80731)_damaging
2,50,wgd,ATR (545)_damaging
2,50,wgd,GOLGA4 (2803)_damaging
2,50,wgd,MAP3K4 (4216)_damaging
2,50,wgd,PRX (57716)_damaging
2,50,wgd,GPATCH8 (23131)_damaging
2,50,wgd,KDR (3791)_damaging
2,50,wgd,NUP214 (8021)_damaging
2,50,wgd,CNTNAP5 (129684)_damaging
2,50,wgd,FXR2 (9513)_damaging
2,50,wgd,KCNB2 (9312)_damaging
2,50,wgd,KIF7 (374654)_damaging
2,50,wgd,CSMD1 (64478)_damaging
2,50,wgd,FAM193A (8603)_damaging
3,5,wgd,TP53 (7157)_damaging
3,5,wgd,TP53 (7157)_hotspot
3,5,wgd,BRAF (673)_hotspot
3,5,wgd,TERT (7015)_hotspot
3,5,wgd,ID3 (3399)_damaging
3,10,wgd,TP53 (7157)_damaging
3,10,wgd,TP53 (7157)_hotspot
3,10,wgd,BRAF (673)_hotspot
3,10,wgd,TERT (7015)_hotspot
3,10,wgd,ID3 (3399)_damaging
3,10,wgd,TTN (7273)_damaging
3,10,wgd,APC (324)_damaging
3,10,wgd,BCOR (54880)_damaging
3,10,wgd,LRP1B (53353)_damaging
3,10,wgd,GNA13 (10672)_damaging
3,20,wgd,TP53 (7157)_damaging
3,20,wgd,TP53 (7157)_hotspot
3,20,wgd,BRAF (673)_hotspot
3,20,wgd,TERT (7015)_hotspot
3,20,wgd,ID3 (3399)_damaging
3,20,wgd,TTN (7273)_damaging
3,20,wgd,APC (324)_damaging
3,20,wgd,BCOR (54880)_damaging
3,20,wgd,LRP1B (53353)_damaging
3,20,wgd,GNA13 (10672)_damaging
3,20,wgd,KRAS (3845)_hotspot
3,20,wgd,CREBBP (1387)_damaging
3,20,wgd,PITX1 (5307)_damaging
3,20,wgd,SMAD4 (4089)_damaging
3,20,wgd,FAT1 (2195)_damaging
3,20,wgd,KMT2D (8085)_damaging
3,20,wgd,PDS5B (23047)_damaging
3,20,wgd,STK11 (6794)_damaging
3,20,wgd,STAB2 (55576)_damaging
3,20,wgd,NF1 (4763)_damaging
3,50,wgd,TP53 (7157)_damaging
3,50,wgd,TP53 (7157)_hotspot
3,50,wgd,BRAF (673)_hotspot
3,50,wgd,TERT (7015)_hotspot
3,50,wgd,ID3 (3399)_damaging
3,50,wgd,TTN (7273)_damaging
3,50,wgd,APC (324)_damaging
3,50,wgd,BCOR (54880)_damaging
3,50,wgd,LRP1B (53353)_damaging
3,50,wgd,GNA13 (10672)_damaging
3,50,wgd,KRAS (3845)_hotspot
3,50,wgd,CREBBP (1387)_damaging
3,50,wgd,PITX1 (5307)_damaging
3,50,wgd,SMAD4 (4089)_damaging
3,50,wgd,FAT1 (2195)_damaging
3,50,wgd,KMT2D (8085)_damaging
3,50,wgd,PDS5B (23047)_damaging
3,50,wgd,STK11 (6794)_damaging
3,50,wgd,STAB2 (55576)_damaging
3,50,wgd,NF1 (4763)_damaging
3,50,wgd,RB1 (5925)_damaging
3,50,wgd,CCND3 (896)_damaging
3,50,wgd,RYR2 (6262)_damaging
3,50,wgd,SCN2A (6326)_damaging
3,50,wgd,ASXL1 (171023)_damaging
3,50,wgd,TGFBR2 (7048)_damaging
3,50,wgd,FSIP2 (401024)_damaging
3,50,wgd,CDKN2A (1029)_damaging
3,50,wgd,RPL22 (6146)_damaging
3,50,wgd,SLK (9748)_damaging
3,50,wgd,DNAH5 (1767)_damaging
3,50,wgd,NFE2L2 (4780)_hotspot
3,50,wgd,SMAD4 (4089)_hotspot
3,50,wgd,SIN3A (25942)_damaging
3,50,wgd,KALRN (8997)_damaging
3,50,wgd,CTNNA1 (1495)_damaging
3,50,wgd,DGKH (160851)_damaging
3,50,wgd,DDX3X (1654)_damaging
3,50,wgd,SPAG8 (26206)_damaging
3,50,wgd,PIK3CA (5290)_hotspot
3,50,wgd,XIRP2 (129446)_damaging
3,50,wgd,ABCA13 (154664)_damaging
3,50,wgd,SDHA (6389)_damaging
3,50,wgd,MTOR (2475)_hotspot
3,50,wgd,MSH3 (4437)_damaging
3,50,wgd,MGA (23269)_damaging
3,50,wgd,NF2 (4771)_damaging
3,50,wgd,SPATA22 (84690)_damaging
3,50,wgd,PTEN (5728)_damaging
3,50,wgd,BAP1 (8314)_damaging
4,5,wgd,TP53 (7157)_damaging
4,5,wgd,TP53 (7157)_hotspot
4,5,wgd,TERT (7015)_hotspot
4,5,wgd,BRAF (673)_hotspot
4,5,wgd,TTN (7273)_damaging
4,10,wgd,TP53 (7157)_damaging
4,10,wgd,TP53 (7157)_hotspot
4,10,wgd,TERT (7015)_hotspot
4,10,wgd,BRAF (673)_hotspot
4,10,wgd,TTN (7273)_damaging
4,10,wgd,KRAS (3845)_hotspot
4,10,wgd,RB1 (5925)_damaging
4,10,wgd,ID3 (3399)_damaging
4,10,wgd,LRP1B (53353)_damaging
4,10,wgd,APC (324)_damaging
4,20,wgd,TP53 (7157)_damaging
4,20,wgd,TP53 (7157)_hotspot
4,20,wgd,TERT (7015)_hotspot
4,20,wgd,BRAF (673)_hotspot
4,20,wgd,TTN (7273)_damaging
4,20,wgd,KRAS (3845)_hotspot
4,20,wgd,RB1 (5925)_damaging
4,20,wgd,ID3 (3399)_damaging
4,20,wgd,LRP1B (53353)_damaging
4,20,wgd,APC (324)_damaging
4,20,wgd,CREBBP (1387)_damaging
4,20,wgd,FAT1 (2195)_damaging
4,20,wgd,NRAS (4893)_hotspot
4,20,wgd,GNA13 (10672)_damaging
4,20,wgd,NF2 (4771)_damaging
4,20,wgd,RB1 (5925)_hotspot
4,20,wgd,MSH3 (4437)_damaging
4,20,wgd,CDKN2A (1029)_damaging
4,20,wgd,SMAD4 (4089)_damaging
4,20,wgd,PDS5B (23047)_damaging
4,50,wgd,TP53 (7157)_damaging
4,50,wgd,TP53 (7157)_hotspot
4,50,wgd,TERT (7015)_hotspot
4,50,wgd,BRAF (673)_hotspot
4,50,wgd,TTN (7273)_damaging
4,50,wgd,KRAS (3845)_hotspot
4,50,wgd,RB1 (5925)_damaging
4,50,wgd,ID3 (3399)_damaging
4,50,wgd,LRP1B (53353)_damaging
4,50,wgd,APC (324)_damaging
4,50,wgd,CREBBP (1387)_damaging
4,50,wgd,FAT1 (2195)_damaging
4,50,wgd,NRAS (4893)_hotspot
4,50,wgd,GNA13 (10672)_damaging
4,50,wgd,NF2 (4771)_damaging
4,50,wgd,RB1 (5925)_hotspot
4,50,wgd,MSH3 (4437)_damaging
4,50,wgd,CDKN2A (1029)_damaging
4,50,wgd,SMAD4 (4089)_damaging
4,50,wgd,PDS5B (23047)_damaging
4,50,wgd,STK11 (6794)_damaging
4,50,wgd,PIK3CA (5290)_hotspot
4,50,wgd,SMAD4 (4089)_hotspot
4,50,wgd,DNAH5 (1767)_damaging
4,50,wgd,NF1 (4763)_damaging
4,50,wgd,DGKH (160851)_damaging
4,50,wgd,ASXL1 (171023)_damaging
4,50,wgd,KMT2D (8085)_damaging
4,50,wgd,ARID1A (8289)_damaging
4,50,wgd,PTEN (5728)_damaging
4,50,wgd,RYR2 (6262)_damaging
4,50,wgd,RAD50 (10111)_damaging
4,50,wgd,SMARCA4 (6597)_damaging
4,50,wgd,CCNQ (92002)_damaging
4,50,wgd,RPL22 (6146)_damaging
4,50,wgd,TENM4 (26011)_damaging
4,50,wgd,BCOR (54880)_damaging
4,50,wgd,PITX1 (5307)_damaging
4,50,wgd,HMCN1 (83872)_damaging
4,50,wgd,SPAG8 (26206)_damaging
4,50,wgd,CCND3 (896)_damaging
4,50,wgd,PMS2 (5395)_damaging
4,50,wgd,CCDST (112268240)_damaging
4,50,wgd,NFE2L2 (4780)_hotspot
4,50,wgd,PTPRT (11122)_damaging
4,50,wgd,UNC80 (285175)_damaging
4,50,wgd,EZH2 (2146)_hotspot
4,50,wgd,SYNE1 (23345)_damaging
4,50,wgd,CSMD1 (64478)_damaging
4,50,wgd,ABCA13 (154664)_damaging
0,5,cin,TP53 (7157)_damaging
0,5,cin,TP53 (7157)_hotspot
0,5,cin,BRAF (673)_hotspot
0,5,cin,TERT (7015)_hotspot
0,5,cin,RB1 (5925)_damaging
0,10,cin,TP53 (7157)_damaging
0,10,cin,TP53 (7157)_hotspot
0,10,cin,BRAF (673)_hotspot
0,10,cin,TERT (7015)_hotspot
0,10,cin,RB1 (5925)_damaging
0,10,cin,ID3 (3399)_damaging
0,10,cin,PITX1 (5307)_damaging
0,10,cin,RB1 (5925)_hotspot
0,10,cin,PIK3CA (5290)_hotspot
0,10,cin,TTN (7273)_damaging
0,20,cin,TP53 (7157)_damaging
0,20,cin,TP53 (7157)_hotspot
0,20,cin,BRAF (673)_hotspot
0,20,cin,TERT (7015)_hotspot
0,20,cin,RB1 (5925)_damaging
0,20,cin,ID3 (3399)_damaging
0,20,cin,PITX1 (5307)_damaging
0,20,cin,RB1 (5925)_hotspot
0,20,cin,PIK3CA (5290)_hotspot
0,20,cin,TTN (7273)_damaging
0,20,cin,NFE2L2 (4780)_hotspot
0,20,cin,TYRO3 (7301)_damaging
0,20,cin,SPTA1 (6708)_damaging
0,20,cin,STK11 (6794)_damaging
0,20,cin,SIN3A (25942)_damaging
0,20,cin,RYR2 (6262)_damaging
0,20,cin,APC (324)_hotspot
0,20,cin,SMAD4 (4089)_damaging
0,20,cin,MSH3 (4437)_damaging
0,20,cin,ASXL1 (171023)_damaging
0,50,cin,TP53 (7157)_damaging
0,50,cin,TP53 (7157)_hotspot
0,50,cin,BRAF (673)_hotspot
0,50,cin,TERT (7015)_hotspot
0,50,cin,RB1 (5925)_damaging
0,50,cin,ID3 (3399)_damaging
0,50,cin,PITX1 (5307)_damaging
0,50,cin,RB1 (5925)_hotspot
0,50,cin,PIK3CA (5290)_hotspot
0,50,cin,TTN (7273)_damaging
0,50,cin,NFE2L2 (4780)_hotspot
0,50,cin,TYRO3 (7301)_damaging
0,50,cin,SPTA1 (6708)_damaging
0,50,cin,STK11 (6794)_damaging
0,50,cin,SIN3A (25942)_damaging
0,50,cin,RYR2 (6262)_damaging
0,50,cin,APC (324)_hotspot
0,50,cin,SMAD4 (4089)_damaging
0,50,cin,MSH3 (4437)_damaging
0,50,cin,ASXL1 (171023)_damaging
0,50,cin,PDS5B (23047)_damaging
0,50,cin,CREBBP (1387)_damaging
0,50,cin,MUC19 (283463)_damaging
0,50,cin,APC (324)_damaging
0,50,cin,NRAS (4893)_hotspot
0,50,cin,BCOR (54880)_damaging
0,50,cin,LRP1B (53353)_damaging
0,50,cin,KRAS (3845)_hotspot
0,50,cin,SMARCA4 (6597)_damaging
0,50,cin,SMAD4 (4089)_hotspot
0,50,cin,AJUBA (84962)_damaging
0,50,cin,SLFN11 (91607)_damaging
0,50,cin,BRCA2 (675)_damaging
0,50,cin,FAT1 (2195)_damaging
0,50,cin,ITGA2B (3674)_damaging
0,50,cin,SLC27A6 (28965)_damaging
0,50,cin,PCDH15 (65217)_damaging
0,50,cin,KMT2C (58508)_damaging
0,50,cin,KMT2B (9757)_damaging
0,50,cin,MACF1 (23499)_damaging
0,50,cin,RPL5 (6125)_damaging
0,50,cin,NF1 (4763)_hotspot
0,50,cin,IGFN1 (91156)_damaging
0,50,cin,HLA-A (3105)_damaging
0,50,cin,CFAP47 (286464)_damaging
0,50,cin,NOTCH1 (4851)_damaging
0,50,cin,CDKN2A (1029)_damaging
0,50,cin,RPL22 (6146)_damaging
0,50,cin,SLK (9748)_damaging
0,50,cin,RAD50 (10111)_damaging
1,5,cin,TP53 (7157)_damaging
1,5,cin,TP53 (7157)_hotspot
1,5,cin,RB1 (5925)_damaging
1,5,cin,ID3 (3399)_damaging
1,5,cin,TERT (7015)_hotspot
1,10,cin,TP53 (7157)_damaging
1,10,cin,TP53 (7157)_hotspot
1,10,cin,RB1 (5925)_damaging
1,10,cin,ID3 (3399)_damaging
1,10,cin,TERT (7015)_hotspot
1,10,cin,BRAF (673)_hotspot
1,10,cin,ASXL1 (171023)_damaging
1,10,cin,TYRO3 (7301)_damaging
1,10,cin,CREBBP (1387)_damaging
1,10,cin,KRAS (3845)_hotspot
1,20,cin,TP53 (7157)_damaging
1,20,cin,TP53 (7157)_hotspot
1,20,cin,RB1 (5925)_damaging
1,20,cin,ID3 (3399)_damaging
1,20,cin,TERT (7015)_hotspot
1,20,cin,BRAF (673)_hotspot
1,20,cin,ASXL1 (171023)_damaging
1,20,cin,TYRO3 (7301)_damaging
1,20,cin,CREBBP (1387)_damaging
1,20,cin,KRAS (3845)_hotspot
1,20,cin,LRP1B (53353)_damaging
1,20,cin,SIN3A (25942)_damaging
1,20,cin,PIK3CA (5290)_hotspot
1,20,cin,KMT2D (8085)_damaging
1,20,cin,PDS5B (23047)_damaging
1,20,cin,STK11 (6794)_damaging
1,20,cin,NRAS (4893)_hotspot
1,20,cin,SLFN11 (91607)_damaging
1,20,cin,BCOR (54880)_damaging
1,20,cin,NF1 (4763)_hotspot
1,50,cin,TP53 (7157)_damaging
1,50,cin,TP53 (7157)_hotspot
1,50,cin,RB1 (5925)_damaging
1,50,cin,ID3 (3399)_damaging
1,50,cin,TERT (7015)_hotspot
1,50,cin,BRAF (673)_hotspot
1,50,cin,ASXL1 (171023)_damaging
1,50,cin,TYRO3 (7301)_damaging
1,50,cin,CREBBP (1387)_damaging
1,50,cin,KRAS (3845)_hotspot
1,50,cin,LRP1B (53353)_damaging
1,50,cin,SIN3A (25942)_damaging
1,50,cin,PIK3CA (5290)_hotspot
1,50,cin,KMT2D (8085)_damaging
1,50,cin,PDS5B (23047)_damaging
1,50,cin,STK11 (6794)_damaging
1,50,cin,NRAS (4893)_hotspot
1,50,cin,SLFN11 (91607)_damaging
1,50,cin,BCOR (54880)_damaging
1,50,cin,NF1 (4763)_hotspot
1,50,cin,CFAP47 (286464)_damaging
1,50,cin,MSH3 (4437)_damaging
1,50,cin,GNA13 (10672)_damaging
1,50,cin,MACF1 (23499)_damaging
1,50,cin,CDKN2A (1029)_damaging
1,50,cin,RB1 (5925)_hotspot
1,50,cin,SMAD4 (4089)_hotspot
1,50,cin,RYR2 (6262)_damaging
1,50,cin,PITX1 (5307)_damaging
1,50,cin,DNAH9 (1770)_damaging
1,50,cin,SMAD4 (4089)_damaging
1,50,cin,MUC19 (283463)_damaging
1,50,cin,MYH1 (4619)_damaging
1,50,cin,APC (324)_hotspot
1,50,cin,TTN (7273)_damaging
1,50,cin,NFE2L2 (4780)_hotspot
1,50,cin,STAB2 (55576)_damaging
1,50,cin,CFAP46 (54777)_damaging
1,50,cin,ERICH3 (127254)_damaging
1,50,cin,BRSK1 (84446)_damaging
1,50,cin,FCGBP (8857)_damaging
1,50,cin,IGFN1 (91156)_damaging
1,50,cin,SLK (9748)_damaging
1,50,cin,CACNA1C (775)_damaging
1,50,cin,KIF7 (374654)_damaging
1,50,cin,APC (324)_damaging
1,50,cin,KMT2B (9757)_damaging
1,50,cin,NF1 (4763)_damaging
1,50,cin,MUC16 (94025)_damaging
1,50,cin,BRCA2 (675)_damaging
2,5,cin,TP53 (7157)_damaging
2,5,cin,TP53 (7157)_hotspot
2,5,cin,TERT (7015)_hotspot
2,5,cin,RB1 (5925)_damaging
2,5,cin,BRAF (673)_hotspot
2,10,cin,TP53 (7157)_damaging
2,10,cin,TP53 (7157)_hotspot
2,10,cin,TERT (7015)_hotspot
2,10,cin,RB1 (5925)_damaging
2,10,cin,BRAF (673)_hotspot
2,10,cin,ID3 (3399)_damaging
2,10,cin,KRAS (3845)_hotspot
2,10,cin,LRP1B (53353)_damaging
2,10,cin,NFE2L2 (4780)_hotspot
2,10,cin,PDS5B (23047)_damaging
2,20,cin,TP53 (7157)_damaging
2,20,cin,TP53 (7157)_hotspot
2,20,cin,TERT (7015)_hotspot
2,20,cin,RB1 (5925)_damaging
2,20,cin,BRAF (673)_hotspot
2,20,cin,ID3 (3399)_damaging
2,20,cin,KRAS (3845)_hotspot
2,20,cin,LRP1B (53353)_damaging
2,20,cin,NFE2L2 (4780)_hotspot
2,20,cin,PDS5B (23047)_damaging
2,20,cin,TTN (7273)_damaging
2,20,cin,SPTA1 (6708)_damaging
2,20,cin,NRAS (4893)_hotspot
2,20,cin,TYRO3 (7301)_damaging
2,20,cin,RAD50 (10111)_damaging
2,20,cin,DNAH8 (1769)_damaging
2,20,cin,RYR2 (6262)_damaging
2,20,cin,PITX1 (5307)_damaging
2,20,cin,SLK (9748)_damaging
2,20,cin,CREBBP (1387)_damaging
2,50,cin,TP53 (7157)_damaging
2,50,cin,TP53 (7157)_hotspot
2,50,cin,TERT (7015)_hotspot
2,50,cin,RB1 (5925)_damaging
2,50,cin,BRAF (673)_hotspot
2,50,cin,ID3 (3399)_damaging
2,50,cin,KRAS (3845)_hotspot
2,50,cin,LRP1B (53353)_damaging
2,50,cin,NFE2L2 (4780)_hotspot
2,50,cin,PDS5B (23047)_damaging
2,50,cin,TTN (7273)_damaging
2,50,cin,SPTA1 (6708)_damaging
2,50,cin,NRAS (4893)_hotspot
2,50,cin,TYRO3 (7301)_damaging
2,50,cin,RAD50 (10111)_damaging
2,50,cin,DNAH8 (1769)_damaging
2,50,cin,RYR2 (6262)_damaging
2,50,cin,PITX1 (5307)_damaging
2,50,cin,SLK (9748)_damaging
2,50,cin,CREBBP (1387)_damaging
2,50,cin,PIK3CA (5290)_hotspot
2,50,cin,RB1 (5925)_hotspot
2,50,cin,RPL22 (6146)_damaging
2,50,cin,MUC19 (283463)_damaging
2,50,cin,CFAP47 (286464)_damaging
2,50,cin,LINC02900 (340073)_damaging
2,50,cin,KMT2D (8085)_damaging
2,50,cin,ATR (545)_damaging
2,50,cin,MTOR (2475)_hotspot
2,50,cin,BRCA2 (675)_damaging
2,50,cin,USH2A (7399)_damaging
2,50,cin,PTEN (5728)_hotspot
2,50,cin,CCND3 (896)_damaging
2,50,cin,SMAD4 (4089)_hotspot
2,50,cin,STK11 (6794)_damaging
2,50,cin,AJUBA (84962)_damaging
2,50,cin,KMT2C (58508)_damaging
2,50,cin,CCDST (112268240)_damaging
2,50,cin,RPL5 (6125)_damaging
2,50,cin,KALRN (8997)_damaging
2,50,cin,ABCA13 (154664)_damaging
2,50,cin,TENM4 (26011)_damaging
2,50,cin,ABCC9 (10060)_damaging
2,50,cin,SIN3A (25942)_damaging
2,50,cin,MMP3 (4314)_damaging
2,50,cin,DMD (1756)_damaging
2,50,cin,FBN2 (2201)_damaging
2,50,cin,SMAD4 (4089)_damaging
2,50,cin,FAT1 (2195)_damaging
2,50,cin,KMT2B (9757)_damaging
3,5,cin,TP53 (7157)_damaging
3,5,cin,TP53 (7157)_hotspot
3,5,cin,TERT (7015)_hotspot
3,5,cin,ID3 (3399)_damaging
3,5,cin,BRAF (673)_hotspot
3,10,cin,TP53 (7157)_damaging
3,10,cin,TP53 (7157)_hotspot
3,10,cin,TERT (7015)_hotspot
3,10,cin,ID3 (3399)_damaging
3,10,cin,BRAF (673)_hotspot
3,10,cin,CREBBP (1387)_damaging
3,10,cin,RB1 (5925)_damaging
3,10,cin,PIK3CA (5290)_hotspot
3,10,cin,SLFN11 (91607)_damaging
3,10,cin,ASXL1 (171023)_damaging
3,20,cin,TP53 (7157)_damaging
3,20,cin,TP53 (7157)_hotspot
3,20,cin,TERT (7015)_hotspot
3,20,cin,ID3 (3399)_damaging
3,20,cin,BRAF (673)_hotspot
3,20,cin,CREBBP (1387)_damaging
3,20,cin,RB1 (5925)_damaging
3,20,cin,PIK3CA (5290)_hotspot
3,20,cin,SLFN11 (91607)_damaging
3,20,cin,ASXL1 (171023)_damaging
3,20,cin,KRAS (3845)_hotspot
3,20,cin,RB1 (5925)_hotspot
3,20,cin,MUC19 (283463)_damaging
3,20,cin,TTN (7273)_damaging
3,20,cin,BCOR (54880)_damaging
3,20,cin,KALRN (8997)_damaging
3,20,cin,PITX1 (5307)_damaging
3,20,cin,APC (324)_damaging
3,20,cin,NFE2L2 (4780)_hotspot
3,20,cin,LRP1B (53353)_damaging
3,50,cin,TP53 (7157)_damaging
3,50,cin,TP53 (7157)_hotspot
3,50,cin,TERT (7015)_hotspot
3,50,cin,ID3 (3399)_damaging
3,50,cin,BRAF (673)_hotspot
3,50,cin,CREBBP (1387)_damaging
3,50,cin,RB1 (5925)_damaging
3,50,cin,PIK3CA (5290)_hotspot
3,50,cin,SLFN11 (91607)_damaging
3,50,cin,ASXL1 (171023)_damaging
3,50,cin,KRAS (3845)_hotspot
3,50,cin,RB1 (5925)_hotspot
3,50,cin,MUC19 (283463)_damaging
3,50,cin,TTN (7273)_damaging
3,50,cin,BCOR (54880)_damaging
3,50,cin,KALRN (8997)_damaging
3,50,cin,PITX1 (5307)_damaging
3,50,cin,APC (324)_damaging
3,50,cin,NFE2L2 (4780)_hotspot
3,50,cin,LRP1B (53353)_damaging
3,50,cin,CFAP47 (286464)_damaging
3,50,cin,RYR2 (6262)_damaging
3,50,cin,ZMYM3 (9203)_damaging
3,50,cin,NRAS (4893)_hotspot
3,50,cin,RPL22 (6146)_damaging
3,50,cin,SPTA1 (6708)_damaging
3,50,cin,SMAD4 (4089)_hotspot
3,50,cin,SIN3A (25942)_damaging
3,50,cin,FAT1 (2195)_damaging
3,50,cin,TYRO3 (7301)_damaging
3,50,cin,SLK (9748)_damaging
3,50,cin,TENM4 (26011)_damaging
3,50,cin,EP300 (2033)_damaging
3,50,cin,BRCA2 (675)_damaging
3,50,cin,KMT2D (8085)_damaging
3,50,cin,MYH1 (4619)_damaging
3,50,cin,SMAD4 (4089)_damaging
3,50,cin,USH2A (7399)_damaging
3,50,cin,NF1 (4763)_hotspot
3,50,cin,APC (324)_hotspot
3,50,cin,LINC02138 (400558)_damaging
3,50,cin,PCDH15 (65217)_damaging
3,50,cin,STK11 (6794)_damaging
3,50,cin,STAG2 (10735)_damaging
3,50,cin,MUC16 (94025)_damaging
3,50,cin,GNA13 (10672)_damaging
3,50,cin,PPP2R1A (5518)_damaging
3,50,cin,SYNE1 (23345)_damaging
3,50,cin,DGKH (160851)_damaging
3,50,cin,COL14A1 (7373)_damaging
4,5,cin,TP53 (7157)_damaging
4,5,cin,TP53 (7157)_hotspot
4,5,cin,RB1 (5925)_damaging
4,5,cin,TERT (7015)_hotspot
4,5,cin,ID3 (3399)_damaging
4,10,cin,TP53 (7157)_damaging
4,10,cin,TP53 (7157)_hotspot
4,10,cin,RB1 (5925)_damaging
4,10,cin,TERT (7015)_hotspot
4,10,cin,ID3 (3399)_damaging
4,10,cin,PIK3CA (5290)_hotspot
4,10,cin,BRAF (673)_hotspot
4,10,cin,NFE2L2 (4780)_hotspot
4,10,cin,LRP1B (53353)_damaging
4,10,cin,MUC19 (283463)_damaging
4,20,cin,TP53 (7157)_damaging
4,20,cin,TP53 (7157)_hotspot
4,20,cin,RB1 (5925)_damaging
4,20,cin,TERT (7015)_hotspot
4,20,cin,ID3 (3399)_damaging
4,20,cin,PIK3CA (5290)_hotspot
4,20,cin,BRAF (673)_hotspot
4,20,cin,NFE2L2 (4780)_hotspot
4,20,cin,LRP1B (53353)_damaging
4,20,cin,MUC19 (283463)_damaging
4,20,cin,STK11 (6794)_damaging
4,20,cin,ASXL1 (171023)_damaging
4,20,cin,SPTA1 (6708)_damaging
4,20,cin,USH2A (7399)_damaging
4,20,cin,TYRO3 (7301)_damaging
4,20,cin,KRAS (3845)_hotspot
4,20,cin,BCOR (54880)_damaging
4,20,cin,CREBBP (1387)_damaging
4,20,cin,PITX1 (5307)_damaging
4,20,cin,MTOR (2475)_hotspot
4,50,cin,TP53 (7157)_damaging
4,50,cin,TP53 (7157)_hotspot
4,50,cin,RB1 (5925)_damaging
4,50,cin,TERT (7015)_hotspot
4,50,cin,ID3 (3399)_damaging
4,50,cin,PIK3CA (5290)_hotspot
4,50,cin,BRAF (673)_hotspot
4,50,cin,NFE2L2 (4780)_hotspot
4,50,cin,LRP1B (53353)_damaging
4,50,cin,MUC19 (283463)_damaging
4,50,cin,STK11 (6794)_damaging
4,50,cin,ASXL1 (171023)_damaging
4,50,cin,SPTA1 (6708)_damaging
4,50,cin,USH2A (7399)_damaging
4,50,cin,TYRO3 (7301)_damaging
4,50,cin,KRAS (3845)_hotspot
4,50,cin,BCOR (54880)_damaging
4,50,cin,CREBBP (1387)_damaging
4,50,cin,PITX1 (5307)_damaging
4,50,cin,MTOR (2475)_hotspot
4,50,cin,PDS5B (23047)_damaging
4,50,cin,TENM4 (26011)_damaging
4,50,cin,CCDST (112268240)_damaging
4,50,cin,LINC02138 (400558)_damaging
4,50,cin,FAT1 (2195)_damaging
4,50,cin,MUC16 (94025)_damaging
4,50,cin,SLFN11 (91607)_damaging
4,50,cin,RB1 (5925)_hotspot
4,50,cin,KALRN (8997)_damaging
4,50,cin,MSH3 (4437)_damaging
4,50,cin,STAB2 (55576)_damaging
4,50,cin,APC (324)_damaging
4,50,cin,APC (324)_hotspot
4,50,cin,PMS2 (5395)_damaging
4,50,cin,NRAS (4893)_hotspot
4,50,cin,AJUBA (84962)_damaging
4,50,cin,TTN (7273)_damaging
4,50,cin,CFAP46 (54777)_damaging
4,50,cin,RYR2 (6262)_damaging
4,50,cin,SMAD4 (4089)_damaging
4,50,cin,BAP1 (8314)_damaging
4,50,cin,CACNA1C (775)_damaging
4,50,cin,ZMYM3 (9203)_damaging
4,50,cin,SCAF4 (57466)_damaging
4,50,cin,DMD (1756)_damaging
4,50,cin,MUC17 (140453)_damaging
4,50,cin,FASTKD5 (60493)_damaging
4,50,cin,NUP214 (8021)_damaging
4,50,cin,SLK (9748)_damaging
4,50,cin,DNAH7 (56171)_damaging
0,5,loh,TP53 (7157)_damaging
0,5,loh,TP53 (7157)_hotspot
0,5,loh,RB1 (5925)_damaging
0,5,loh,KRAS (3845)_hotspot
0,5,loh,ID3 (3399)_damaging
0,10,loh,TP53 (7157)_damaging
0,10,loh,TP53 (7157)_hotspot
0,10,loh,RB1 (5925)_damaging
0,10,loh,KRAS (3845)_hotspot
0,10,loh,ID3 (3399)_damaging
0,10,loh,CTCF (10664)_damaging
0,10,loh,NF2 (4771)_damaging
0,10,loh,ARID1A (8289)_damaging
0,10,loh,SMAD4 (4089)_damaging
0,10,loh,RPL22 (6146)_damaging
0,20,loh,TP53 (7157)_damaging
0,20,loh,TP53 (7157)_hotspot
0,20,loh,RB1 (5925)_damaging
0,20,loh,KRAS (3845)_hotspot
0,20,loh,ID3 (3399)_damaging
0,20,loh,CTCF (10664)_damaging
0,20,loh,NF2 (4771)_damaging
0,20,loh,ARID1A (8289)_damaging
0,20,loh,SMAD4 (4089)_damaging
0,20,loh,RPL22 (6146)_damaging
0,20,loh,CREBBP (1387)_damaging
0,20,loh,TTN (7273)_damaging
0,20,loh,SPATA31H1 (84226)_damaging
0,20,loh,PITX1 (5307)_damaging
0,20,loh,MACF1 (23499)_damaging
0,20,loh,PDS5B (23047)_damaging
0,20,loh,NRAS (4893)_hotspot
0,20,loh,PTPRS (5802)_damaging
0,20,loh,CDC42BPA (8476)_damaging
0,20,loh,RB1 (5925)_hotspot
0,50,loh,TP53 (7157)_damaging
0,50,loh,TP53 (7157)_hotspot
0,50,loh,RB1 (5925)_damaging
0,50,loh,KRAS (3845)_hotspot
0,50,loh,ID3 (3399)_damaging
0,50,loh,CTCF (10664)_damaging
0,50,loh,NF2 (4771)_damaging
0,50,loh,ARID1A (8289)_damaging
0,50,loh,SMAD4 (4089)_damaging
0,50,loh,RPL22 (6146)_damaging
0,50,loh,CREBBP (1387)_damaging
0,50,loh,TTN (7273)_damaging
0,50,loh,SPATA31H1 (84226)_damaging
0,50,loh,PITX1 (5307)_damaging
0,50,loh,MACF1 (23499)_damaging
0,50,loh,PDS5B (23047)_damaging
0,50,loh,NRAS (4893)_hotspot
0,50,loh,PTPRS (5802)_damaging
0,50,loh,CDC42BPA (8476)_damaging
0,50,loh,RB1 (5925)_hotspot
0,50,loh,PPRC1 (23082)_damaging
0,50,loh,RAD50 (10111)_damaging
0,50,loh,GABBR1 (2550)_damaging
0,50,loh,SCAF4 (57466)_damaging
0,50,loh,PDCD11 (22984)_damaging
0,50,loh,BRSK1 (84446)_damaging
0,50,loh,ZAN (7455)_damaging
0,50,loh,HELZ2 (85441)_damaging
0,50,loh,ABCB5 (340273)_damaging
0,50,loh,CUBN (8029)_damaging
0,50,loh,ATR (545)_damaging
0,50,loh,TRPM6 (140803)_damaging
0,50,loh,MKI67 (4288)_damaging
0,50,loh,PCDH15 (65217)_damaging
0,50,loh,STK11 (6794)_damaging
0,50,loh,MUC19 (283463)_damaging
0,50,loh,CCNB3 (85417)_damaging
0,50,loh,PTPN23 (25930)_damaging
0,50,loh,CACNA1S (779)_damaging
0,50,loh,ASPM (259266)_damaging
0,50,loh,PKD1 (5310)_damaging
0,50,loh,USP9X (8239)_damaging
0,50,loh,AXDND1 (126859)_damaging
0,50,loh,BRAF (673)_hotspot
0,50,loh,USH2A (7399)_damaging
0,50,loh,CACNA1I (8911)_damaging
0,50,loh,KNOP1 (400506)_damaging
0,50,loh,KALRN (8997)_damaging
0,50,loh,ACVR2A (92)_damaging
0,50,loh,APC (324)_damaging
1,5,loh,TP53 (7157)_damaging
1,5,loh,TP53 (7157)_hotspot
1,5,loh,RB1 (5925)_damaging
1,5,loh,ID3 (3399)_damaging
1,5,loh,NF2 (4771)_damaging
1,10,loh,TP53 (7157)_damaging
1,10,loh,TP53 (7157)_hotspot
1,10,loh,RB1 (5925)_damaging
1,10,loh,ID3 (3399)_damaging
1,10,loh,NF2 (4771)_damaging
1,10,loh,NRAS (4893)_hotspot
1,10,loh,KRAS (3845)_hotspot
1,10,loh,PITX1 (5307)_damaging
1,10,loh,SMAD4 (4089)_damaging
1,10,loh,BRAF (673)_hotspot
1,20,loh,TP53 (7157)_damaging
1,20,loh,TP53 (7157)_hotspot
1,20,loh,RB1 (5925)_damaging
1,20,loh,ID3 (3399)_damaging
1,20,loh,NF2 (4771)_damaging
1,20,loh,NRAS (4893)_hotspot
1,20,loh,KRAS (3845)_hotspot
1,20,loh,PITX1 (5307)_damaging
1,20,loh,SMAD4 (4089)_damaging
1,20,loh,BRAF (673)_hotspot
1,20,loh,APC (324)_damaging
1,20,loh,TTN (7273)_damaging
1,20,loh,ARID1A (8289)_damaging
1,20,loh,CREBBP (1387)_damaging
1,20,loh,RAD50 (10111)_damaging
1,20,loh,PCDH15 (65217)_damaging
1,20,loh,PTEN (5728)_damaging
1,20,loh,RPL22 (6146)_damaging
1,20,loh,ERICH3 (127254)_damaging
1,20,loh,MUC19 (283463)_damaging
1,50,loh,TP53 (7157)_damaging
1,50,loh,TP53 (7157)_hotspot
1,50,loh,RB1 (5925)_damaging
1,50,loh,ID3 (3399)_damaging
1,50,loh,NF2 (4771)_damaging
1,50,loh,NRAS (4893)_hotspot
1,50,loh,KRAS (3845)_hotspot
1,50,loh,PITX1 (5307)_damaging
1,50,loh,SMAD4 (4089)_damaging
1,50,loh,BRAF (673)_hotspot
1,50,loh,APC (324)_damaging
1,50,loh,TTN (7273)_damaging
1,50,loh,ARID1A (8289)_damaging
1,50,loh,CREBBP (1387)_damaging
1,50,loh,RAD50 (10111)_damaging
1,50,loh,PCDH15 (65217)_damaging
1,50,loh,PTEN (5728)_damaging
1,50,loh,RPL22 (6146)_damaging
1,50,loh,ERICH3 (127254)_damaging
1,50,loh,MUC19 (283463)_damaging
1,50,loh,RB1 (5925)_hotspot
1,50,loh,SMARCA4 (6597)_damaging
1,50,loh,TYRO3 (7301)_damaging
1,50,loh,MSH3 (4437)_damaging
1,50,loh,BCOR (54880)_damaging
1,50,loh,SPAG8 (26206)_damaging
1,50,loh,GNA13 (10672)_damaging
1,50,loh,LINC02138 (400558)_damaging
1,50,loh,PDS5B (23047)_damaging
1,50,loh,DMXL1 (1657)_damaging
1,50,loh,DGKH (160851)_damaging
1,50,loh,RYR2 (6262)_damaging
1,50,loh,RHOA (387)_hotspot
1,50,loh,TERT (7015)_hotspot
1,50,loh,KDM6A (7403)_damaging
1,50,loh,NF1 (4763)_damaging
1,50,loh,MTOR (2475)_hotspot
1,50,loh,TET2 (54790)_damaging
1,50,loh,XIRP2 (129446)_damaging
1,50,loh,STK11 (6794)_damaging
1,50,loh,ASXL1 (171023)_damaging
1,50,loh,AJUBA (84962)_damaging
1,50,loh,STAG2 (10735)_damaging
1,50,loh,PTEN (5728)_hotspot
1,50,loh,CDKN2A (1029)_damaging
1,50,loh,CCND3 (896)_hotspot
1,50,loh,CDKN2A (1029)_hotspot
1,50,loh,KMT2D (8085)_damaging
1,50,loh,CACNA1E (777)_damaging
1,50,loh,CSMD3 (114788)_damaging
2,5,loh,TP53 (7157)_damaging
2,5,loh,TP53 (7157)_hotspot
2,5,loh,ID3 (3399)_damaging
2,5,loh,MUC19 (283463)_damaging
2,5,loh,NF2 (4771)_damaging
2,10,loh,TP53 (7157)_damaging
2,10,loh,TP53 (7157)_hotspot
2,10,loh,ID3 (3399)_damaging
2,10,loh,MUC19 (283463)_damaging
2,10,loh,NF2 (4771)_damaging
2,10,loh,RB1 (5925)_damaging
2,10,loh,KRAS (3845)_hotspot
2,10,loh,PITX1 (5307)_damaging
2,10,loh,KEAP1 (9817)_damaging
2,10,loh,TTN (7273)_damaging
2,20,loh,TP53 (7157)_damaging
2,20,loh,TP53 (7157)_hotspot
2,20,loh,ID3 (3399)_damaging
2,20,loh,MUC19 (283463)_damaging
2,20,loh,NF2 (4771)_damaging
2,20,loh,RB1 (5925)_damaging
2,20,loh,KRAS (3845)_hotspot
2,20,loh,PITX1 (5307)_damaging
2,20,loh,KEAP1 (9817)_damaging
2,20,loh,TTN (7273)_damaging
2,20,loh,STK11 (6794)_damaging
2,20,loh,TET2 (54790)_damaging
2,20,loh,ARID1A (8289)_damaging
2,20,loh,FAT1 (2195)_damaging
2,20,loh,SMAD4 (4089)_damaging
2,20,loh,RPL22 (6146)_damaging
2,20,loh,SMARCA4 (6597)_damaging
2,20,loh,IGFN1 (91156)_damaging
2,20,loh,MACF1 (23499)_damaging
2,20,loh,MKI67 (4288)_damaging
2,50,loh,TP53 (7157)_damaging
2,50,loh,TP53 (7157)_hotspot
2,50,loh,ID3 (3399)_damaging
2,50,loh,MUC19 (283463)_damaging
2,50,loh,NF2 (4771)_damaging
2,50,loh,RB1 (5925)_damaging
2,50,loh,KRAS (3845)_hotspot
2,50,loh,PITX1 (5307)_damaging
2,50,loh,KEAP1 (9817)_damaging
2,50,loh,TTN (7273)_damaging
2,50,loh,STK11 (6794)_damaging
2,50,loh,TET2 (54790)_damaging
2,50,loh,ARID1A (8289)_damaging
2,50,loh,FAT1 (2195)_damaging
2,50,loh,SMAD4 (4089)_damaging
2,50,loh,RPL22 (6146)_damaging
2,50,loh,SMARCA4 (6597)_damaging
2,50,loh,IGFN1 (91156)_damaging
2,50,loh,MACF1 (23499)_damaging
2,50,loh,MKI67 (4288)_damaging
2,50,loh,APC (324)_damaging
2,50,loh,RPL5 (6125)_damaging
2,50,loh,DDX3X (1654)_damaging
2,50,loh,CTCF (10664)_damaging
2,50,loh,CACNA1E (777)_damaging
2,50,loh,NRAS (4893)_hotspot
2,50,loh,SPATA31H1 (84226)_damaging
2,50,loh,BCOR (54880)_damaging
2,50,loh,ASPM (259266)_damaging
2,50,loh,CREBBP (1387)_damaging
2,50,loh,BRAF (673)_hotspot
2,50,loh,JAKMIP3 (282973)_damaging
2,50,loh,LINC02900 (340073)_damaging
2,50,loh,ASXL1 (171023)_damaging
2,50,loh,PCDH15 (65217)_damaging
2,50,loh,PDS5B (23047)_damaging
2,50,loh,CACNA1S (779)_damaging
2,50,loh,PBRM1 (55193)_damaging
2,50,loh,KIF5A (3798)_damaging
2,50,loh,ZBTB20 (26137)_damaging
2,50,loh,EP300 (2033)_damaging
2,50,loh,RASA1 (5921)_damaging
2,50,loh,XIRP2 (129446)_damaging
2,50,loh,PTEN (5728)_damaging
2,50,loh,VHL (7428)_damaging
2,50,loh,CDKN2A (1029)_damaging
2,50,loh,PPRC1 (23082)_damaging
2,50,loh,NF1 (4763)_damaging
2,50,loh,PKHD1L1 (93035)_damaging
2,50,loh,CTNNB1 (1499)_hotspot
3,5,loh,TP53 (7157)_damaging
3,5,loh,TP53 (7157)_hotspot
3,5,loh,SMAD4 (4089)_damaging
3,5,loh,RB1 (5925)_damaging
3,5,loh,KRAS (3845)_hotspot
3,10,loh,TP53 (7157)_damaging
3,10,loh,TP53 (7157)_hotspot
3,10,loh,SMAD4 (4089)_damaging
3,10,loh,RB1 (5925)_damaging
3,10,loh,KRAS (3845)_hotspot
3,10,loh,NRAS (4893)_hotspot
3,10,loh,NF2 (4771)_damaging
3,10,loh,APC (324)_damaging
3,10,loh,ID3 (3399)_damaging
3,10,loh,ARID1A (8289)_damaging
3,20,loh,TP53 (7157)_damaging
3,20,loh,TP53 (7157)_hotspot
3,20,loh,SMAD4 (4089)_damaging
3,20,loh,RB1 (5925)_damaging
3,20,loh,KRAS (3845)_hotspot
3,20,loh,NRAS (4893)_hotspot
3,20,loh,NF2 (4771)_damaging
3,20,loh,APC (324)_damaging
3,20,loh,ID3 (3399)_damaging
3,20,loh,ARID1A (8289)_damaging
3,20,loh,PITX1 (5307)_damaging
3,20,loh,MUC19 (283463)_damaging
3,20,loh,PDS5B (23047)_damaging
3,20,loh,CREBBP (1387)_damaging
3,20,loh,PTEN (5728)_damaging
3,20,loh,TTN (7273)_damaging
3,20,loh,BRAF (673)_hotspot
3,20,loh,LRP1B (53353)_damaging
3,20,loh,AHNAK2 (113146)_damaging
3,20,loh,STK11 (6794)_damaging
3,50,loh,TP53 (7157)_damaging
3,50,loh,TP53 (7157)_hotspot
3,50,loh,SMAD4 (4089)_damaging
3,50,loh,RB1 (5925)_damaging
3,50,loh,KRAS (3845)_hotspot
3,50,loh,NRAS (4893)_hotspot
3,50,loh,NF2 (4771)_damaging
3,50,loh,APC (324)_damaging
3,50,loh,ID3 (3399)_damaging
3,50,loh,ARID1A (8289)_damaging
3,50,loh,PITX1 (5307)_damaging
3,50,loh,MUC19 (283463)_damaging
3,50,loh,PDS5B (23047)_damaging
3,50,loh,CREBBP (1387)_damaging
3,50,loh,PTEN (5728)_damaging
3,50,loh,TTN (7273)_damaging
3,50,loh,BRAF (673)_hotspot
3,50,loh,LRP1B (53353)_damaging
3,50,loh,AHNAK2 (113146)_damaging
3,50,loh,STK11 (6794)_damaging
3,50,loh,MACF1 (23499)_damaging
3,50,loh,TERT (7015)_hotspot
3,50,loh,MKI67 (4288)_damaging
3,50,loh,C2orf81 (388963)_hotspot
3,50,loh,SPAG8 (26206)_damaging
3,50,loh,BCOR (54880)_damaging
3,50,loh,RPL22 (6146)_damaging
3,50,loh,NF1 (4763)_damaging
3,50,loh,KDM6A (7403)_damaging
3,50,loh,SMARCA4 (6597)_damaging
3,50,loh,RHOA (387)_hotspot
3,50,loh,ADGRL4 (64123)_damaging
3,50,loh,CTCF (10664)_damaging
3,50,loh,KMT2D (8085)_damaging
3,50,loh,DGKH (160851)_damaging
3,50,loh,IGFN1 (91156)_damaging
3,50,loh,KEAP1 (9817)_damaging
3,50,loh,CDKN2A (1029)_damaging
3,50,loh,SYNE1 (23345)_damaging
3,50,loh,USP9X (8239)_damaging
3,50,loh,TET2 (54790)_damaging
3,50,loh,PCDH15 (65217)_damaging
3,50,loh,NFE2L2 (4780)_hotspot
3,50,loh,JAKMIP3 (282973)_damaging
3,50,loh,PKHD1L1 (93035)_damaging
3,50,loh,CUBN (8029)_damaging
3,50,loh,PIK3R1 (5295)_damaging
3,50,loh,RB1 (5925)_hotspot
3,50,loh,SMAD4 (4089)_hotspot
3,50,loh,CDKN2A (1029)_hotspot
4,5,loh,TP53 (7157)_damaging
4,5,loh,TP53 (7157)_hotspot
4,5,loh,RB1 (5925)_damaging
4,5,loh,BRAF (673)_hotspot
4,5,loh,ID3 (3399)_damaging
4,10,loh,TP53 (7157)_damaging
4,10,loh,TP53 (7157)_hotspot
4,10,loh,RB1 (5925)_damaging
4,10,loh,BRAF (673)_hotspot
4,10,loh,ID3 (3399)_damaging
4,10,loh,ARID1A (8289)_damaging
4,10,loh,KRAS (3845)_hotspot
4,10,loh,MUC19 (283463)_damaging
4,10,loh,PITX1 (5307)_damaging
4,10,loh,NRAS (4893)_hotspot
4,20,loh,TP53 (7157)_damaging
4,20,loh,TP53 (7157)_hotspot
4,20,loh,RB1 (5925)_damaging
4,20,loh,BRAF (673)_hotspot
4,20,loh,ID3 (3399)_damaging
4,20,loh,ARID1A (8289)_damaging
4,20,loh,KRAS (3845)_hotspot
4,20,loh,MUC19 (283463)_damaging
4,20,loh,PITX1 (5307)_damaging
4,20,loh,NRAS (4893)_hotspot
4,20,loh,SMARCA4 (6597)_damaging
4,20,loh,NF2 (4771)_damaging
4,20,loh,TET2 (54790)_damaging
4,20,loh,CREBBP (1387)_damaging
4,20,loh,STK11 (6794)_damaging
4,20,loh,LINC02900 (340073)_damaging
4,20,loh,BCOR (54880)_damaging
4,20,loh,PLXNB2 (23654)_damaging
4,20,loh,RPL22 (6146)_damaging
4,20,loh,SMAD4 (4089)_damaging
4,50,loh,TP53 (7157)_damaging
4,50,loh,TP53 (7157)_hotspot
4,50,loh,RB1 (5925)_damaging
4,50,loh,BRAF (673)_hotspot
4,50,loh,ID3 (3399)_damaging
4,50,loh,ARID1A (8289)_damaging
4,50,loh,KRAS (3845)_hotspot
4,50,loh,MUC19 (283463)_damaging
4,50,loh,PITX1 (5307)_damaging
4,50,loh,NRAS (4893)_hotspot
4,50,loh,SMARCA4 (6597)_damaging
4,50,loh,NF2 (4771)_damaging
4,50,loh,TET2 (54790)_damaging
4,50,loh,CREBBP (1387)_damaging
4,50,loh,STK11 (6794)_damaging
4,50,loh,LINC02900 (340073)_damaging
4,50,loh,BCOR (54880)_damaging
4,50,loh,PLXNB2 (23654)_damaging
4,50,loh,RPL22 (6146)_damaging
4,50,loh,SMAD4 (4089)_damaging
4,50,loh,HERC1 (8925)_damaging
4,50,loh,PDS5B (23047)_damaging
4,50,loh,JAKMIP3 (282973)_damaging
4,50,loh,PTEN (5728)_damaging
4,50,loh,MACF1 (23499)_damaging
4,50,loh,DGKH (160851)_damaging
4,50,loh,EP300 (2033)_damaging
4,50,loh,APC (324)_damaging
4,50,loh,ABCA13 (154664)_damaging
4,50,loh,SPATA31H1 (84226)_damaging
4,50,loh,MSH3 (4437)_damaging
4,50,loh,NFE2L2 (4780)_hotspot
4,50,loh,LINC02138 (400558)_damaging
4,50,loh,RPL5 (6125)_damaging
4,50,loh,TERT (7015)_hotspot
4,50,loh,FAT1 (2195)_damaging
4,50,loh,ABCB5 (340273)_damaging
4,50,loh,PIK3R1 (5295)_damaging
4,50,loh,XIRP2 (129446)_damaging
4,50,loh,CCND3 (896)_damaging
4,50,loh,MYH9 (4627)_damaging
4,50,loh,PBRM1 (55193)_damaging
4,50,loh,SCAF4 (57466)_damaging
4,50,loh,AJUBA (84962)_damaging
4,50,loh,TTN (7273)_damaging
4,50,loh,KMT2B (9757)_damaging
4,50,loh,CD36 (948)_damaging
4,50,loh,KMT2D (8085)_damaging
4,50,loh,VHL (7428)_damaging
4,50,loh,RB1 (5925)_hotspot
