feature,n_folds_selected,mean_importance,mean_rank,rank_std,selection_freq,kind,gene
T[C>G]A,5,0.03286816680387307,1.2,0.4472135954999579,1.0,damaging,T[C>G]A
T[C>A]C,5,0.027193948736770772,2.6,1.1401754250991378,1.0,damaging,T[C>A]C
T[C>T]A,5,0.0252284490137534,3.2,0.8366600265340756,1.0,damaging,T[C>T]A
C[T>C]G,5,0.02194639673642528,4.6,1.816590212458495,1.0,damaging,C[T>C]G
C[C>G]T,5,0.022134230533193928,5.6,2.8809720581775866,1.0,damaging,C[C>G]T
G[C>T]C,5,0.018378801145354874,7.6,1.1401754250991378,1.0,damaging,G[C>T]C
C[C>A]A,5,0.01821567832555996,9.8,5.215361924162119,1.0,damaging,C[C>A]A
C[T>A]T,5,0.01767362843335927,9.8,4.08656334834051,1.0,damaging,C[T>A]T
T[C>T]T,5,0.016218256076463104,10.4,1.3416407864998738,1.0,damaging,T[C>T]T
T[C>G]C,5,0.01558211126577064,12.0,2.5495097567963922,1.0,damaging,T[C>G]C
T[C>A]A,4,0.017976821267009186,11.4,10.502380682492898,0.8,damaging,T[C>A]A
G[T>C]G,4,0.017139407652320422,11.6,6.618156843109719,0.8,damaging,G[T>C]G
T[C>T]C,4,0.015177244245175622,13.0,5.477225575051661,0.8,damaging,T[C>T]C
T[C>G]T,4,0.014780264251951458,15.8,7.049822692805827,0.8,damaging,T[C>G]T
G[C>T]T,4,0.014128703928218786,16.8,9.257429448826494,0.8,damaging,G[C>T]T
A[C>T]A,4,0.01293816813567777,19.0,7.582875444051551,0.8,damaging,A[C>T]A
A[C>T]G,3,0.0131077322579277,21.4,8.384509526501834,0.6,damaging,A[C>T]G
T[C>A]T,3,0.012196828583031165,22.4,3.2863353450309964,0.6,damaging,T[C>A]T
A[C>A]A,2,0.012915902911500165,21.0,6.123724356957945,0.4,damaging,A[C>A]A
A[C>T]T,2,0.01329081287207452,21.0,7.280109889280518,0.4,damaging,A[C>T]T
C[T>C]C,2,0.012406239404870801,22.8,4.764451699828639,0.4,damaging,C[T>C]C
G[C>T]A,2,0.011508860248238289,29.0,12.922847983320086,0.4,damaging,G[C>T]A
C[C>A]T,2,0.011334323944381096,30.8,14.042791745233567,0.4,damaging,C[C>A]T
T[C>A]G,2,0.01129476261224849,31.2,15.417522498767433,0.4,damaging,T[C>A]G
A[C>A]G,2,0.011254815738129828,32.6,15.757537878742351,0.4,damaging,A[C>A]G
C[C>T]A,1,0.012655242992095254,21.6,1.673320053068151,0.2,damaging,C[C>T]A
C[C>T]G,1,0.011804163275703359,27.4,9.343446901438464,0.2,damaging,C[C>T]G
G[T>A]G,1,0.011048373050899316,34.8,15.642889758609181,0.2,damaging,G[T>A]G
A[C>G]C,1,0.01093502671185942,37.2,22.4655291502337,0.2,damaging,A[C>G]C
T[T>C]G,1,0.010271398951973218,40.4,16.241921068642096,0.2,damaging,T[T>C]G
T[C>G]G,1,0.009272035377179303,52.2,20.27806696901852,0.2,damaging,T[C>G]G
G[T>C]A,0,0.011773428061761713,27.4,4.722287581247038,0.0,damaging,G[T>C]A
C[C>T]C,0,0.010883691727115369,31.4,7.021395872616783,0.0,damaging,C[C>T]C
A[C>A]C,0,0.011102444114829937,31.8,8.07465169527454,0.0,damaging,A[C>A]C
C[C>T]T,0,0.010987285552969156,32.2,8.288546314040842,0.0,damaging,C[C>T]T
G[C>T]G,0,0.010993161358281588,32.8,5.167204273105526,0.0,damaging,G[C>T]G
G[C>A]T,0,0.010588278908873837,36.0,8.831760866327848,0.0,damaging,G[C>A]T
A[T>C]G,0,0.010617637303204041,36.4,7.021395872616783,0.0,damaging,A[T>C]G
A[C>T]C,0,0.01042780813386778,37.2,8.348652585896719,0.0,damaging,A[C>T]C
G[T>C]C,0,0.010441927170719203,38.8,11.166915420114904,0.0,damaging,G[T>C]C
A[T>C]C,0,0.010442054840549678,40.0,11.61895003862225,0.0,damaging,A[T>C]C
G[T>G]G,0,0.009824565327417508,40.4,5.272570530585626,0.0,damaging,G[T>G]G
G[C>A]A,0,0.00985194936362625,42.2,9.364827814754523,0.0,damaging,G[C>A]A
C[T>C]T,0,0.009708091660546007,42.8,9.093954035511725,0.0,damaging,C[T>C]T
A[T>C]T,0,0.010092817173876754,43.4,9.939818911831342,0.0,damaging,A[T>C]T
A[T>C]A,0,0.009906458553967443,43.6,11.545561917897285,0.0,damaging,A[T>C]A
C[T>A]C,0,0.009803158659611308,45.6,13.315404612703288,0.0,damaging,C[T>A]C
T[T>A]T,0,0.009431633089888017,46.0,10.488088481701515,0.0,damaging,T[T>A]T
G[T>C]T,0,0.009562686393902738,47.2,16.300306745579974,0.0,damaging,G[T>C]T
G[T>G]C,0,0.009332838771468255,47.2,12.153188881935472,0.0,damaging,G[T>G]C
T[C>T]G,0,0.009263369602713203,49.4,8.502940667792524,0.0,damaging,T[C>T]G
C[C>G]G,0,0.009090866027744577,49.6,12.581732790041283,0.0,damaging,C[C>G]G
G[C>A]C,0,0.009068188670850803,50.8,9.54986910905066,0.0,damaging,G[C>A]C
G[C>G]T,0,0.008841015621433954,52.4,7.893034904268447,0.0,damaging,G[C>G]T
T[T>C]T,0,0.009009598612640739,52.6,9.316651759081692,0.0,damaging,T[T>C]T
C[T>A]G,0,0.008910872089874903,53.0,11.313708498984761,0.0,damaging,C[T>A]G
T[T>A]C,0,0.008859719350062231,53.6,15.533834040570925,0.0,damaging,T[T>A]C
A[C>A]T,0,0.00836847966617958,57.8,7.529940238806679,0.0,damaging,A[C>A]T
A[C>G]A,0,0.008473962840887162,58.2,13.311649033834989,0.0,damaging,A[C>G]A
G[T>G]T,0,0.008309630659923515,58.6,16.607227342335023,0.0,damaging,G[T>G]T
C[C>A]C,0,0.008259307890384749,61.2,4.8166378315169185,0.0,damaging,C[C>A]C
G[C>G]C,0,0.008167631703221346,61.8,3.271085446759225,0.0,damaging,G[C>G]C
C[T>G]G,0,0.008117809054362485,62.0,6.244997998398398,0.0,damaging,C[T>G]G
A[C>G]G,0,0.008123818112349667,63.0,14.177446878757824,0.0,damaging,A[C>G]G
A[T>A]A,0,0.00790285355488063,64.0,14.035668847618199,0.0,damaging,A[T>A]A
G[T>G]A,0,0.007815420025936546,65.6,13.030732903409538,0.0,damaging,G[T>G]A
T[T>G]G,0,0.00775384668318867,66.2,10.61602562167217,0.0,damaging,T[T>G]G
T[T>G]C,0,0.0077583380361140345,66.6,19.65451602049768,0.0,damaging,T[T>G]C
C[C>G]C,0,0.00752711638855888,68.0,7.87400787401181,0.0,damaging,C[C>G]C
A[T>A]G,0,0.007497293784947792,68.6,4.827007354458869,0.0,damaging,A[T>A]G
A[T>G]G,0,0.00759199689284967,68.8,6.572670690061994,0.0,damaging,A[T>G]G
G[C>A]G,0,0.0074232726874006155,69.2,7.5960516059331775,0.0,damaging,G[C>A]G
T[T>C]C,0,0.007425937885372956,69.6,10.714476188783099,0.0,damaging,T[T>C]C
A[C>G]T,0,0.0073342862757060905,70.8,6.760177512462227,0.0,damaging,A[C>G]T
G[C>G]A,0,0.007267041298194546,71.4,5.770615218501405,0.0,damaging,G[C>G]A
C[T>G]T,0,0.007160486456579093,72.6,3.2093613071762435,0.0,damaging,C[T>G]T
A[T>A]C,0,0.0069446179891632445,74.6,1.9493588689617918,0.0,damaging,A[T>A]C
C[C>A]G,0,0.006856136866823197,76.0,8.573214099741122,0.0,damaging,C[C>A]G
T[T>G]T,0,0.006526347998546883,77.6,6.024948132556827,0.0,damaging,T[T>G]T
G[T>A]T,0,0.00632048822537522,80.2,4.54972526643093,0.0,damaging,G[T>A]T
C[C>G]A,0,0.006296133775072156,80.4,6.877499545619758,0.0,damaging,C[C>G]A
C[T>C]A,0,0.006094302955253567,82.0,1.7320508075688763,0.0,damaging,C[T>C]A
C[T>A]A,0,0.005891259447656396,82.6,9.071934744033381,0.0,damaging,C[T>A]A
T[T>C]A,0,0.005856340968595841,83.4,5.319774431308154,0.0,damaging,T[T>C]A
G[C>G]G,0,0.005894025018423943,84.0,3.391164991562633,0.0,damaging,G[C>G]G
G[T>A]A,0,0.005778286057002835,84.2,4.868264577855234,0.0,damaging,G[T>A]A
G[T>A]C,0,0.005755245259043409,84.2,7.429670248402683,0.0,damaging,G[T>A]C
A[T>A]T,0,0.005651776448828213,85.8,2.949576240750524,0.0,damaging,A[T>A]T
A[T>G]C,0,0.0053813129960269355,87.4,6.107372593840988,0.0,damaging,A[T>G]C
C[T>G]C,0,0.005375171681766114,88.8,3.2710854467592254,0.0,damaging,C[T>G]C
T[T>A]G,0,0.005017141404447799,89.2,3.834057902536163,0.0,damaging,T[T>A]G
A[T>G]T,0,0.005045151136925082,90.8,1.0954451150103315,0.0,damaging,A[T>G]T
T[T>G]A,0,0.004274505037019089,93.0,1.8708286933869707,0.0,damaging,T[T>G]A
T[T>A]A,0,0.004066406226260013,93.8,1.6431676725154976,0.0,damaging,T[T>A]A
A[T>G]A,0,0.003973848847179777,94.2,1.4832396974191333,0.0,damaging,A[T>G]A
C[T>G]A,0,0.0030306301387658012,95.8,0.44721359549995715,0.0,damaging,C[T>G]A
