fold,panel_size,target,feature,model
0,5,cin,TP53 (7157)_damaging,elastic_net_reg
0,5,cin,BRAF (673)_hotspot,elastic_net_reg
0,5,cin,ID3 (3399)_damaging,elastic_net_reg
0,5,cin,TERT (7015)_hotspot,elastic_net_reg
0,5,cin,CMYA5 (202333)_damaging,elastic_net_reg
0,10,cin,TP53 (7157)_damaging,elastic_net_reg
0,10,cin,BRAF (673)_hotspot,elastic_net_reg
0,10,cin,ID3 (3399)_damaging,elastic_net_reg
0,10,cin,TERT (7015)_hotspot,elastic_net_reg
0,10,cin,CMYA5 (202333)_damaging,elastic_net_reg
0,10,cin,ABCA9 (10350)_damaging,elastic_net_reg
0,10,cin,PIK3CA (5290)_hotspot,elastic_net_reg
0,10,cin,WDR7 (23335)_damaging,elastic_net_reg
0,10,cin,SIN3A (25942)_damaging,elastic_net_reg
0,10,cin,RB1 (5925)_damaging,elastic_net_reg
0,20,cin,TP53 (7157)_damaging,elastic_net_reg
0,20,cin,BRAF (673)_hotspot,elastic_net_reg
0,20,cin,ID3 (3399)_damaging,elastic_net_reg
0,20,cin,TERT (7015)_hotspot,elastic_net_reg
0,20,cin,CMYA5 (202333)_damaging,elastic_net_reg
0,20,cin,ABCA9 (10350)_damaging,elastic_net_reg
0,20,cin,PIK3CA (5290)_hotspot,elastic_net_reg
0,20,cin,WDR7 (23335)_damaging,elastic_net_reg
0,20,cin,SIN3A (25942)_damaging,elastic_net_reg
0,20,cin,RB1 (5925)_damaging,elastic_net_reg
0,20,cin,ASXL1 (171023)_damaging,elastic_net_reg
0,20,cin,STK11 (6794)_damaging,elastic_net_reg
0,20,cin,IRF8 (3394)_damaging,elastic_net_reg
0,20,cin,FHOD3 (80206)_damaging,elastic_net_reg
0,20,cin,CEP126 (57562)_damaging,elastic_net_reg
0,20,cin,RAD50 (10111)_damaging,elastic_net_reg
0,20,cin,PTPRB (5787)_damaging,elastic_net_reg
0,20,cin,MUC19 (283463)_damaging,elastic_net_reg
0,20,cin,RB1 (5925)_hotspot,elastic_net_reg
0,20,cin,SPG11 (80208)_damaging,elastic_net_reg
0,50,cin,TP53 (7157)_damaging,elastic_net_reg
0,50,cin,BRAF (673)_hotspot,elastic_net_reg
0,50,cin,ID3 (3399)_damaging,elastic_net_reg
0,50,cin,TERT (7015)_hotspot,elastic_net_reg
0,50,cin,CMYA5 (202333)_damaging,elastic_net_reg
0,50,cin,ABCA9 (10350)_damaging,elastic_net_reg
0,50,cin,PIK3CA (5290)_hotspot,elastic_net_reg
0,50,cin,WDR7 (23335)_damaging,elastic_net_reg
0,50,cin,SIN3A (25942)_damaging,elastic_net_reg
0,50,cin,RB1 (5925)_damaging,elastic_net_reg
0,50,cin,ASXL1 (171023)_damaging,elastic_net_reg
0,50,cin,STK11 (6794)_damaging,elastic_net_reg
0,50,cin,IRF8 (3394)_damaging,elastic_net_reg
0,50,cin,FHOD3 (80206)_damaging,elastic_net_reg
0,50,cin,CEP126 (57562)_damaging,elastic_net_reg
0,50,cin,RAD50 (10111)_damaging,elastic_net_reg
0,50,cin,PTPRB (5787)_damaging,elastic_net_reg
0,50,cin,MUC19 (283463)_damaging,elastic_net_reg
0,50,cin,RB1 (5925)_hotspot,elastic_net_reg
0,50,cin,SPG11 (80208)_damaging,elastic_net_reg
0,50,cin,PLCE1 (51196)_damaging,elastic_net_reg
0,50,cin,PDS5B (23047)_damaging,elastic_net_reg
0,50,cin,PITX1 (5307)_damaging,elastic_net_reg
0,50,cin,CHEK2 (11200)_damaging,elastic_net_reg
0,50,cin,KALRN (8997)_damaging,elastic_net_reg
0,50,cin,KNOP1 (400506)_damaging,elastic_net_reg
0,50,cin,CREBBP (1387)_damaging,elastic_net_reg
0,50,cin,BCOR (54880)_damaging,elastic_net_reg
0,50,cin,PITRM1 (10531)_damaging,elastic_net_reg
0,50,cin,FASN (2194)_damaging,elastic_net_reg
0,50,cin,TPR (7175)_damaging,elastic_net_reg
0,50,cin,QKI (9444)_damaging,elastic_net_reg
0,50,cin,NFE2L2 (4780)_hotspot,elastic_net_reg
0,50,cin,ADGRL4 (64123)_damaging,elastic_net_reg
0,50,cin,MT-ND4 (4538)_damaging,elastic_net_reg
0,50,cin,NF1 (4763)_hotspot,elastic_net_reg
0,50,cin,CTNNA1 (1495)_damaging,elastic_net_reg
0,50,cin,CNTN3 (5067)_damaging,elastic_net_reg
0,50,cin,SPAG8 (26206)_damaging,elastic_net_reg
0,50,cin,ECT2L (345930)_damaging,elastic_net_reg
0,50,cin,SLFN11 (91607)_damaging,elastic_net_reg
0,50,cin,TERT (7015)_damaging,elastic_net_reg
0,50,cin,MYC (4609)_hotspot,elastic_net_reg
0,50,cin,KIF27 (55582)_damaging,elastic_net_reg
0,50,cin,KRAS (3845)_hotspot,elastic_net_reg
0,50,cin,MYH7B (57644)_damaging,elastic_net_reg
0,50,cin,SMARCB1 (6598)_damaging,elastic_net_reg
0,50,cin,SIPA1L3 (23094)_damaging,elastic_net_reg
0,50,cin,CTCF (10664)_damaging,elastic_net_reg
0,50,cin,LRP1B (53353)_damaging,elastic_net_reg
1,5,cin,TP53 (7157)_damaging,elastic_net_reg
1,5,cin,BRAF (673)_hotspot,elastic_net_reg
1,5,cin,ID3 (3399)_damaging,elastic_net_reg
1,5,cin,PIK3CA (5290)_hotspot,elastic_net_reg
1,5,cin,TERT (7015)_hotspot,elastic_net_reg
1,10,cin,TP53 (7157)_damaging,elastic_net_reg
1,10,cin,BRAF (673)_hotspot,elastic_net_reg
1,10,cin,ID3 (3399)_damaging,elastic_net_reg
1,10,cin,PIK3CA (5290)_hotspot,elastic_net_reg
1,10,cin,TERT (7015)_hotspot,elastic_net_reg
1,10,cin,CREBBP (1387)_damaging,elastic_net_reg
1,10,cin,RAD50 (10111)_damaging,elastic_net_reg
1,10,cin,CTCF (10664)_damaging,elastic_net_reg
1,10,cin,ASXL1 (171023)_damaging,elastic_net_reg
1,10,cin,BAP1 (8314)_damaging,elastic_net_reg
1,20,cin,TP53 (7157)_damaging,elastic_net_reg
1,20,cin,BRAF (673)_hotspot,elastic_net_reg
1,20,cin,ID3 (3399)_damaging,elastic_net_reg
1,20,cin,PIK3CA (5290)_hotspot,elastic_net_reg
1,20,cin,TERT (7015)_hotspot,elastic_net_reg
1,20,cin,CREBBP (1387)_damaging,elastic_net_reg
1,20,cin,RAD50 (10111)_damaging,elastic_net_reg
1,20,cin,CTCF (10664)_damaging,elastic_net_reg
1,20,cin,ASXL1 (171023)_damaging,elastic_net_reg
1,20,cin,BAP1 (8314)_damaging,elastic_net_reg
1,20,cin,RB1 (5925)_damaging,elastic_net_reg
1,20,cin,SIN3A (25942)_damaging,elastic_net_reg
1,20,cin,KRAS (3845)_hotspot,elastic_net_reg
1,20,cin,ARHGEF28 (64283)_damaging,elastic_net_reg
1,20,cin,CAMTA2 (23125)_damaging,elastic_net_reg
1,20,cin,KALRN (8997)_damaging,elastic_net_reg
1,20,cin,PCLO (27445)_damaging,elastic_net_reg
1,20,cin,TTN (7273)_damaging,elastic_net_reg
1,20,cin,PITX1 (5307)_damaging,elastic_net_reg
1,20,cin,ABCA9 (10350)_damaging,elastic_net_reg
1,50,cin,TP53 (7157)_damaging,elastic_net_reg
1,50,cin,BRAF (673)_hotspot,elastic_net_reg
1,50,cin,ID3 (3399)_damaging,elastic_net_reg
1,50,cin,PIK3CA (5290)_hotspot,elastic_net_reg
1,50,cin,TERT (7015)_hotspot,elastic_net_reg
1,50,cin,CREBBP (1387)_damaging,elastic_net_reg
1,50,cin,RAD50 (10111)_damaging,elastic_net_reg
1,50,cin,CTCF (10664)_damaging,elastic_net_reg
1,50,cin,ASXL1 (171023)_damaging,elastic_net_reg
1,50,cin,BAP1 (8314)_damaging,elastic_net_reg
1,50,cin,RB1 (5925)_damaging,elastic_net_reg
1,50,cin,SIN3A (25942)_damaging,elastic_net_reg
1,50,cin,KRAS (3845)_hotspot,elastic_net_reg
1,50,cin,ARHGEF28 (64283)_damaging,elastic_net_reg
1,50,cin,CAMTA2 (23125)_damaging,elastic_net_reg
1,50,cin,KALRN (8997)_damaging,elastic_net_reg
1,50,cin,PCLO (27445)_damaging,elastic_net_reg
1,50,cin,TTN (7273)_damaging,elastic_net_reg
1,50,cin,PITX1 (5307)_damaging,elastic_net_reg
1,50,cin,ABCA9 (10350)_damaging,elastic_net_reg
1,50,cin,SLK (9748)_damaging,elastic_net_reg
1,50,cin,KNOP1 (400506)_damaging,elastic_net_reg
1,50,cin,CCDC40 (55036)_damaging,elastic_net_reg
1,50,cin,FHOD3 (80206)_damaging,elastic_net_reg
1,50,cin,PMS2 (5395)_damaging,elastic_net_reg
1,50,cin,DGKH (160851)_damaging,elastic_net_reg
1,50,cin,GOLGA4 (2803)_damaging,elastic_net_reg
1,50,cin,GNA13 (10672)_damaging,elastic_net_reg
1,50,cin,NUP214 (8021)_damaging,elastic_net_reg
1,50,cin,VHL (7428)_damaging,elastic_net_reg
1,50,cin,KIAA1217 (56243)_damaging,elastic_net_reg
1,50,cin,ECT2L (345930)_damaging,elastic_net_reg
1,50,cin,CMYA5 (202333)_damaging,elastic_net_reg
1,50,cin,HRAS (3265)_hotspot,elastic_net_reg
1,50,cin,MYO9A (4649)_damaging,elastic_net_reg
1,50,cin,SLC27A6 (28965)_damaging,elastic_net_reg
1,50,cin,TYRO3 (7301)_damaging,elastic_net_reg
1,50,cin,C2orf81 (388963)_hotspot,elastic_net_reg
1,50,cin,BCOR (54880)_damaging,elastic_net_reg
1,50,cin,DIDO1 (11083)_damaging,elastic_net_reg
1,50,cin,CEP126 (57562)_damaging,elastic_net_reg
1,50,cin,SPTA1 (6708)_damaging,elastic_net_reg
1,50,cin,IGFN1 (91156)_damaging,elastic_net_reg
1,50,cin,PLCE1 (51196)_damaging,elastic_net_reg
1,50,cin,TMEM245 (23731)_damaging,elastic_net_reg
1,50,cin,PAPPA2 (60676)_damaging,elastic_net_reg
1,50,cin,ATRX (546)_damaging,elastic_net_reg
1,50,cin,PCDH15 (65217)_damaging,elastic_net_reg
1,50,cin,SMARCB1 (6598)_damaging,elastic_net_reg
1,50,cin,DOT1L (84444)_damaging,elastic_net_reg
2,5,cin,TP53 (7157)_damaging,elastic_net_reg
2,5,cin,BRAF (673)_hotspot,elastic_net_reg
2,5,cin,ID3 (3399)_damaging,elastic_net_reg
2,5,cin,TERT (7015)_hotspot,elastic_net_reg
2,5,cin,RB1 (5925)_damaging,elastic_net_reg
2,10,cin,TP53 (7157)_damaging,elastic_net_reg
2,10,cin,BRAF (673)_hotspot,elastic_net_reg
2,10,cin,ID3 (3399)_damaging,elastic_net_reg
2,10,cin,TERT (7015)_hotspot,elastic_net_reg
2,10,cin,RB1 (5925)_damaging,elastic_net_reg
2,10,cin,RAD50 (10111)_damaging,elastic_net_reg
2,10,cin,PIK3CA (5290)_hotspot,elastic_net_reg
2,10,cin,CMYA5 (202333)_damaging,elastic_net_reg
2,10,cin,ABCA9 (10350)_damaging,elastic_net_reg
2,10,cin,PPP2R1A (5518)_damaging,elastic_net_reg
2,20,cin,TP53 (7157)_damaging,elastic_net_reg
2,20,cin,BRAF (673)_hotspot,elastic_net_reg
2,20,cin,ID3 (3399)_damaging,elastic_net_reg
2,20,cin,TERT (7015)_hotspot,elastic_net_reg
2,20,cin,RB1 (5925)_damaging,elastic_net_reg
2,20,cin,RAD50 (10111)_damaging,elastic_net_reg
2,20,cin,PIK3CA (5290)_hotspot,elastic_net_reg
2,20,cin,CMYA5 (202333)_damaging,elastic_net_reg
2,20,cin,ABCA9 (10350)_damaging,elastic_net_reg
2,20,cin,PPP2R1A (5518)_damaging,elastic_net_reg
2,20,cin,LRP1B (53353)_damaging,elastic_net_reg
2,20,cin,CTCF (10664)_damaging,elastic_net_reg
2,20,cin,TET2 (54790)_damaging,elastic_net_reg
2,20,cin,MYH2 (4620)_damaging,elastic_net_reg
2,20,cin,TTN (7273)_damaging,elastic_net_reg
2,20,cin,RSF1 (51773)_damaging,elastic_net_reg
2,20,cin,QKI (9444)_damaging,elastic_net_reg
2,20,cin,IRF8 (3394)_damaging,elastic_net_reg
2,20,cin,KRAS (3845)_hotspot,elastic_net_reg
2,20,cin,CFAP47 (286464)_damaging,elastic_net_reg
2,50,cin,TP53 (7157)_damaging,elastic_net_reg
2,50,cin,BRAF (673)_hotspot,elastic_net_reg
2,50,cin,ID3 (3399)_damaging,elastic_net_reg
2,50,cin,TERT (7015)_hotspot,elastic_net_reg
2,50,cin,RB1 (5925)_damaging,elastic_net_reg
2,50,cin,RAD50 (10111)_damaging,elastic_net_reg
2,50,cin,PIK3CA (5290)_hotspot,elastic_net_reg
2,50,cin,CMYA5 (202333)_damaging,elastic_net_reg
2,50,cin,ABCA9 (10350)_damaging,elastic_net_reg
2,50,cin,PPP2R1A (5518)_damaging,elastic_net_reg
2,50,cin,LRP1B (53353)_damaging,elastic_net_reg
2,50,cin,CTCF (10664)_damaging,elastic_net_reg
2,50,cin,TET2 (54790)_damaging,elastic_net_reg
2,50,cin,MYH2 (4620)_damaging,elastic_net_reg
2,50,cin,TTN (7273)_damaging,elastic_net_reg
2,50,cin,RSF1 (51773)_damaging,elastic_net_reg
2,50,cin,QKI (9444)_damaging,elastic_net_reg
2,50,cin,IRF8 (3394)_damaging,elastic_net_reg
2,50,cin,KRAS (3845)_hotspot,elastic_net_reg
2,50,cin,CFAP47 (286464)_damaging,elastic_net_reg
2,50,cin,ZBTB20 (26137)_damaging,elastic_net_reg
2,50,cin,ZGRF1 (55345)_damaging,elastic_net_reg
2,50,cin,PITRM1 (10531)_damaging,elastic_net_reg
2,50,cin,MTOR (2475)_hotspot,elastic_net_reg
2,50,cin,GNA13 (10672)_damaging,elastic_net_reg
2,50,cin,KEAP1 (9817)_damaging,elastic_net_reg
2,50,cin,SIN3A (25942)_damaging,elastic_net_reg
2,50,cin,ZNF536 (9745)_damaging,elastic_net_reg
2,50,cin,PKHD1L1 (93035)_damaging,elastic_net_reg
2,50,cin,ASXL1 (171023)_damaging,elastic_net_reg
2,50,cin,FHOD3 (80206)_damaging,elastic_net_reg
2,50,cin,CREBBP (1387)_hotspot,elastic_net_reg
2,50,cin,BCOR (54880)_damaging,elastic_net_reg
2,50,cin,FIP1L1 (81608)_damaging,elastic_net_reg
2,50,cin,IQUB (154865)_damaging,elastic_net_reg
2,50,cin,BAP1 (8314)_damaging,elastic_net_reg
2,50,cin,KALRN (8997)_damaging,elastic_net_reg
2,50,cin,STK11 (6794)_damaging,elastic_net_reg
2,50,cin,SCN7A (6332)_damaging,elastic_net_reg
2,50,cin,PRX (57716)_damaging,elastic_net_reg
2,50,cin,PRPF40B (25766)_damaging,elastic_net_reg
2,50,cin,KIF5A (3798)_damaging,elastic_net_reg
2,50,cin,BMPR2 (659)_damaging,elastic_net_reg
2,50,cin,FASTKD5 (60493)_damaging,elastic_net_reg
2,50,cin,EGFLAM (133584)_damaging,elastic_net_reg
2,50,cin,PTPRS (5802)_damaging,elastic_net_reg
2,50,cin,SPAG8 (26206)_damaging,elastic_net_reg
2,50,cin,SIPA1L3 (23094)_damaging,elastic_net_reg
2,50,cin,KMT2A (4297)_damaging,elastic_net_reg
2,50,cin,SMAD4 (4089)_hotspot,elastic_net_reg
3,5,cin,TP53 (7157)_damaging,elastic_net_reg
3,5,cin,BRAF (673)_hotspot,elastic_net_reg
3,5,cin,ID3 (3399)_damaging,elastic_net_reg
3,5,cin,TERT (7015)_hotspot,elastic_net_reg
3,5,cin,TMEM245 (23731)_damaging,elastic_net_reg
3,10,cin,TP53 (7157)_damaging,elastic_net_reg
3,10,cin,BRAF (673)_hotspot,elastic_net_reg
3,10,cin,ID3 (3399)_damaging,elastic_net_reg
3,10,cin,TERT (7015)_hotspot,elastic_net_reg
3,10,cin,TMEM245 (23731)_damaging,elastic_net_reg
3,10,cin,PIK3CA (5290)_hotspot,elastic_net_reg
3,10,cin,CAMTA2 (23125)_damaging,elastic_net_reg
3,10,cin,DGKH (160851)_damaging,elastic_net_reg
3,10,cin,PPP6R2 (9701)_damaging,elastic_net_reg
3,10,cin,RAD50 (10111)_damaging,elastic_net_reg
3,20,cin,TP53 (7157)_damaging,elastic_net_reg
3,20,cin,BRAF (673)_hotspot,elastic_net_reg
3,20,cin,ID3 (3399)_damaging,elastic_net_reg
3,20,cin,TERT (7015)_hotspot,elastic_net_reg
3,20,cin,TMEM245 (23731)_damaging,elastic_net_reg
3,20,cin,PIK3CA (5290)_hotspot,elastic_net_reg
3,20,cin,CAMTA2 (23125)_damaging,elastic_net_reg
3,20,cin,DGKH (160851)_damaging,elastic_net_reg
3,20,cin,PPP6R2 (9701)_damaging,elastic_net_reg
3,20,cin,RAD50 (10111)_damaging,elastic_net_reg
3,20,cin,MDGA2 (161357)_damaging,elastic_net_reg
3,20,cin,CMYA5 (202333)_damaging,elastic_net_reg
3,20,cin,PPP2R1A (5518)_damaging,elastic_net_reg
3,20,cin,KIF5A (3798)_damaging,elastic_net_reg
3,20,cin,ROBO2 (6092)_damaging,elastic_net_reg
3,20,cin,LRP1B (53353)_damaging,elastic_net_reg
3,20,cin,PDS5B (23047)_damaging,elastic_net_reg
3,20,cin,GNA13 (10672)_damaging,elastic_net_reg
3,20,cin,CEP170B (283638)_damaging,elastic_net_reg
3,20,cin,RB1 (5925)_damaging,elastic_net_reg
3,50,cin,TP53 (7157)_damaging,elastic_net_reg
3,50,cin,BRAF (673)_hotspot,elastic_net_reg
3,50,cin,ID3 (3399)_damaging,elastic_net_reg
3,50,cin,TERT (7015)_hotspot,elastic_net_reg
3,50,cin,TMEM245 (23731)_damaging,elastic_net_reg
3,50,cin,PIK3CA (5290)_hotspot,elastic_net_reg
3,50,cin,CAMTA2 (23125)_damaging,elastic_net_reg
3,50,cin,DGKH (160851)_damaging,elastic_net_reg
3,50,cin,PPP6R2 (9701)_damaging,elastic_net_reg
3,50,cin,RAD50 (10111)_damaging,elastic_net_reg
3,50,cin,MDGA2 (161357)_damaging,elastic_net_reg
3,50,cin,CMYA5 (202333)_damaging,elastic_net_reg
3,50,cin,PPP2R1A (5518)_damaging,elastic_net_reg
3,50,cin,KIF5A (3798)_damaging,elastic_net_reg
3,50,cin,ROBO2 (6092)_damaging,elastic_net_reg
3,50,cin,LRP1B (53353)_damaging,elastic_net_reg
3,50,cin,PDS5B (23047)_damaging,elastic_net_reg
3,50,cin,GNA13 (10672)_damaging,elastic_net_reg
3,50,cin,CEP170B (283638)_damaging,elastic_net_reg
3,50,cin,RB1 (5925)_damaging,elastic_net_reg
3,50,cin,PTPRC (5788)_damaging,elastic_net_reg
3,50,cin,STK11 (6794)_damaging,elastic_net_reg
3,50,cin,ZNF536 (9745)_damaging,elastic_net_reg
3,50,cin,NUP214 (8021)_damaging,elastic_net_reg
3,50,cin,PPIG (9360)_damaging,elastic_net_reg
3,50,cin,TTN (7273)_damaging,elastic_net_reg
3,50,cin,KNOP1 (400506)_damaging,elastic_net_reg
3,50,cin,SDHA (6389)_damaging,elastic_net_reg
3,50,cin,CCND3 (896)_damaging,elastic_net_reg
3,50,cin,NSD1 (64324)_damaging,elastic_net_reg
3,50,cin,PTPRG (5793)_damaging,elastic_net_reg
3,50,cin,SMAD4 (4089)_hotspot,elastic_net_reg
3,50,cin,MT-ND4 (4538)_damaging,elastic_net_reg
3,50,cin,UCK1 (83549)_damaging,elastic_net_reg
3,50,cin,ASH1L (55870)_damaging,elastic_net_reg
3,50,cin,CREBBP (1387)_damaging,elastic_net_reg
3,50,cin,MEGF6 (1953)_damaging,elastic_net_reg
3,50,cin,MSH3 (4437)_damaging,elastic_net_reg
3,50,cin,RYR2 (6262)_damaging,elastic_net_reg
3,50,cin,NFIA (4774)_damaging,elastic_net_reg
3,50,cin,SLC27A6 (28965)_damaging,elastic_net_reg
3,50,cin,RB1 (5925)_hotspot,elastic_net_reg
3,50,cin,NF2 (4771)_damaging,elastic_net_reg
3,50,cin,QKI (9444)_damaging,elastic_net_reg
3,50,cin,ASXL1 (171023)_damaging,elastic_net_reg
3,50,cin,ARHGEF28 (64283)_damaging,elastic_net_reg
3,50,cin,MTOR (2475)_hotspot,elastic_net_reg
3,50,cin,RPL22 (6146)_damaging,elastic_net_reg
3,50,cin,CNTN4 (152330)_damaging,elastic_net_reg
3,50,cin,PLEC (5339)_damaging,elastic_net_reg
4,5,cin,TP53 (7157)_damaging,elastic_net_reg
4,5,cin,BRAF (673)_hotspot,elastic_net_reg
4,5,cin,ID3 (3399)_damaging,elastic_net_reg
4,5,cin,TERT (7015)_hotspot,elastic_net_reg
4,5,cin,NUP214 (8021)_damaging,elastic_net_reg
4,10,cin,TP53 (7157)_damaging,elastic_net_reg
4,10,cin,BRAF (673)_hotspot,elastic_net_reg
4,10,cin,ID3 (3399)_damaging,elastic_net_reg
4,10,cin,TERT (7015)_hotspot,elastic_net_reg
4,10,cin,NUP214 (8021)_damaging,elastic_net_reg
4,10,cin,PIK3CA (5290)_hotspot,elastic_net_reg
4,10,cin,KNOP1 (400506)_damaging,elastic_net_reg
4,10,cin,DGKH (160851)_damaging,elastic_net_reg
4,10,cin,BCOR (54880)_damaging,elastic_net_reg
4,10,cin,ABCA9 (10350)_damaging,elastic_net_reg
4,20,cin,TP53 (7157)_damaging,elastic_net_reg
4,20,cin,BRAF (673)_hotspot,elastic_net_reg
4,20,cin,ID3 (3399)_damaging,elastic_net_reg
4,20,cin,TERT (7015)_hotspot,elastic_net_reg
4,20,cin,NUP214 (8021)_damaging,elastic_net_reg
4,20,cin,PIK3CA (5290)_hotspot,elastic_net_reg
4,20,cin,KNOP1 (400506)_damaging,elastic_net_reg
4,20,cin,DGKH (160851)_damaging,elastic_net_reg
4,20,cin,BCOR (54880)_damaging,elastic_net_reg
4,20,cin,ABCA9 (10350)_damaging,elastic_net_reg
4,20,cin,KANSL1 (284058)_damaging,elastic_net_reg
4,20,cin,VIT (5212)_damaging,elastic_net_reg
4,20,cin,RB1 (5925)_damaging,elastic_net_reg
4,20,cin,CEP170B (283638)_damaging,elastic_net_reg
4,20,cin,KRAS (3845)_hotspot,elastic_net_reg
4,20,cin,FHOD3 (80206)_damaging,elastic_net_reg
4,20,cin,CMYA5 (202333)_damaging,elastic_net_reg
4,20,cin,IQUB (154865)_damaging,elastic_net_reg
4,20,cin,MTOR (2475)_hotspot,elastic_net_reg
4,20,cin,SCAF4 (57466)_damaging,elastic_net_reg
4,50,cin,TP53 (7157)_damaging,elastic_net_reg
4,50,cin,BRAF (673)_hotspot,elastic_net_reg
4,50,cin,ID3 (3399)_damaging,elastic_net_reg
4,50,cin,TERT (7015)_hotspot,elastic_net_reg
4,50,cin,NUP214 (8021)_damaging,elastic_net_reg
4,50,cin,PIK3CA (5290)_hotspot,elastic_net_reg
4,50,cin,KNOP1 (400506)_damaging,elastic_net_reg
4,50,cin,DGKH (160851)_damaging,elastic_net_reg
4,50,cin,BCOR (54880)_damaging,elastic_net_reg
4,50,cin,ABCA9 (10350)_damaging,elastic_net_reg
4,50,cin,KANSL1 (284058)_damaging,elastic_net_reg
4,50,cin,VIT (5212)_damaging,elastic_net_reg
4,50,cin,RB1 (5925)_damaging,elastic_net_reg
4,50,cin,CEP170B (283638)_damaging,elastic_net_reg
4,50,cin,KRAS (3845)_hotspot,elastic_net_reg
4,50,cin,FHOD3 (80206)_damaging,elastic_net_reg
4,50,cin,CMYA5 (202333)_damaging,elastic_net_reg
4,50,cin,IQUB (154865)_damaging,elastic_net_reg
4,50,cin,MTOR (2475)_hotspot,elastic_net_reg
4,50,cin,SCAF4 (57466)_damaging,elastic_net_reg
4,50,cin,RAD50 (10111)_damaging,elastic_net_reg
4,50,cin,ATXN2L (11273)_damaging,elastic_net_reg
4,50,cin,PITX1 (5307)_damaging,elastic_net_reg
4,50,cin,KALRN (8997)_damaging,elastic_net_reg
4,50,cin,SIN3A (25942)_damaging,elastic_net_reg
4,50,cin,KMT2A (4297)_damaging,elastic_net_reg
4,50,cin,AJUBA (84962)_damaging,elastic_net_reg
4,50,cin,NFE2L2 (4780)_hotspot,elastic_net_reg
4,50,cin,KIF5A (3798)_damaging,elastic_net_reg
4,50,cin,CREBBP (1387)_damaging,elastic_net_reg
4,50,cin,ZNF536 (9745)_damaging,elastic_net_reg
4,50,cin,LAMA5 (3911)_damaging,elastic_net_reg
4,50,cin,SYNE1 (23345)_damaging,elastic_net_reg
4,50,cin,ROBO2 (6092)_damaging,elastic_net_reg
4,50,cin,FASTKD5 (60493)_damaging,elastic_net_reg
4,50,cin,PITRM1 (10531)_damaging,elastic_net_reg
4,50,cin,KIAA1217 (56243)_damaging,elastic_net_reg
4,50,cin,IRF8 (3394)_damaging,elastic_net_reg
4,50,cin,TENM4 (26011)_damaging,elastic_net_reg
4,50,cin,CRYBG3 (131544)_damaging,elastic_net_reg
4,50,cin,BAP1 (8314)_damaging,elastic_net_reg
4,50,cin,LRP1B (53353)_damaging,elastic_net_reg
4,50,cin,SPAG8 (26206)_damaging,elastic_net_reg
4,50,cin,TERT (7015)_damaging,elastic_net_reg
4,50,cin,MARF1 (9665)_damaging,elastic_net_reg
4,50,cin,PPIG (9360)_damaging,elastic_net_reg
4,50,cin,PTPRB (5787)_damaging,elastic_net_reg
4,50,cin,PTPRC (5788)_damaging,elastic_net_reg
4,50,cin,CPSF1 (29894)_damaging,elastic_net_reg
4,50,cin,GNA13 (10672)_damaging,elastic_net_reg
0,5,cin,TP53 (7157)_damaging,random_forest_reg
0,5,cin,BRAF (673)_hotspot,random_forest_reg
0,5,cin,ID3 (3399)_damaging,random_forest_reg
0,5,cin,PIK3CA (5290)_hotspot,random_forest_reg
0,5,cin,TERT (7015)_hotspot,random_forest_reg
0,10,cin,TP53 (7157)_damaging,random_forest_reg
0,10,cin,BRAF (673)_hotspot,random_forest_reg
0,10,cin,ID3 (3399)_damaging,random_forest_reg
0,10,cin,PIK3CA (5290)_hotspot,random_forest_reg
0,10,cin,TERT (7015)_hotspot,random_forest_reg
0,10,cin,RB1 (5925)_damaging,random_forest_reg
0,10,cin,KRAS (3845)_hotspot,random_forest_reg
0,10,cin,ASXL1 (171023)_damaging,random_forest_reg
0,10,cin,SIN3A (25942)_damaging,random_forest_reg
0,10,cin,PDS5B (23047)_damaging,random_forest_reg
0,20,cin,TP53 (7157)_damaging,random_forest_reg
0,20,cin,BRAF (673)_hotspot,random_forest_reg
0,20,cin,ID3 (3399)_damaging,random_forest_reg
0,20,cin,PIK3CA (5290)_hotspot,random_forest_reg
0,20,cin,TERT (7015)_hotspot,random_forest_reg
0,20,cin,RB1 (5925)_damaging,random_forest_reg
0,20,cin,KRAS (3845)_hotspot,random_forest_reg
0,20,cin,ASXL1 (171023)_damaging,random_forest_reg
0,20,cin,SIN3A (25942)_damaging,random_forest_reg
0,20,cin,PDS5B (23047)_damaging,random_forest_reg
0,20,cin,VHL (7428)_damaging,random_forest_reg
0,20,cin,LINC02900 (340073)_damaging,random_forest_reg
0,20,cin,SLK (9748)_damaging,random_forest_reg
0,20,cin,TP53 (7157)_hotspot,random_forest_reg
0,20,cin,RPL22 (6146)_damaging,random_forest_reg
0,20,cin,TTN (7273)_damaging,random_forest_reg
0,20,cin,BCOR (54880)_damaging,random_forest_reg
0,20,cin,KMT2B (9757)_damaging,random_forest_reg
0,20,cin,NRAS (4893)_hotspot,random_forest_reg
0,20,cin,NF1 (4763)_damaging,random_forest_reg
0,50,cin,TP53 (7157)_damaging,random_forest_reg
0,50,cin,BRAF (673)_hotspot,random_forest_reg
0,50,cin,ID3 (3399)_damaging,random_forest_reg
0,50,cin,PIK3CA (5290)_hotspot,random_forest_reg
0,50,cin,TERT (7015)_hotspot,random_forest_reg
0,50,cin,RB1 (5925)_damaging,random_forest_reg
0,50,cin,KRAS (3845)_hotspot,random_forest_reg
0,50,cin,ASXL1 (171023)_damaging,random_forest_reg
0,50,cin,SIN3A (25942)_damaging,random_forest_reg
0,50,cin,PDS5B (23047)_damaging,random_forest_reg
0,50,cin,VHL (7428)_damaging,random_forest_reg
0,50,cin,LINC02900 (340073)_damaging,random_forest_reg
0,50,cin,SLK (9748)_damaging,random_forest_reg
0,50,cin,TP53 (7157)_hotspot,random_forest_reg
0,50,cin,RPL22 (6146)_damaging,random_forest_reg
0,50,cin,TTN (7273)_damaging,random_forest_reg
0,50,cin,BCOR (54880)_damaging,random_forest_reg
0,50,cin,KMT2B (9757)_damaging,random_forest_reg
0,50,cin,NRAS (4893)_hotspot,random_forest_reg
0,50,cin,NF1 (4763)_damaging,random_forest_reg
0,50,cin,TYRO3 (7301)_damaging,random_forest_reg
0,50,cin,RAD50 (10111)_damaging,random_forest_reg
0,50,cin,CDKN2A (1029)_damaging,random_forest_reg
0,50,cin,ARID1A (8289)_damaging,random_forest_reg
0,50,cin,PTEN (5728)_damaging,random_forest_reg
0,50,cin,BAP1 (8314)_damaging,random_forest_reg
0,50,cin,CMYA5 (202333)_damaging,random_forest_reg
0,50,cin,COL7A1 (1294)_damaging,random_forest_reg
0,50,cin,KNOP1 (400506)_damaging,random_forest_reg
0,50,cin,LRP1B (53353)_damaging,random_forest_reg
0,50,cin,MYC (4609)_hotspot,random_forest_reg
0,50,cin,DDX3X (1654)_damaging,random_forest_reg
0,50,cin,STK11 (6794)_damaging,random_forest_reg
0,50,cin,NF2 (4771)_damaging,random_forest_reg
0,50,cin,ABCA9 (10350)_damaging,random_forest_reg
0,50,cin,KMT2D (8085)_damaging,random_forest_reg
0,50,cin,HLA-A (3105)_damaging,random_forest_reg
0,50,cin,MUC19 (283463)_damaging,random_forest_reg
0,50,cin,EP300 (2033)_damaging,random_forest_reg
0,50,cin,SDHA (6389)_damaging,random_forest_reg
0,50,cin,ADGRL2 (23266)_damaging,random_forest_reg
0,50,cin,LINC02138 (400558)_damaging,random_forest_reg
0,50,cin,EZH2 (2146)_hotspot,random_forest_reg
0,50,cin,PCLO (27445)_damaging,random_forest_reg
0,50,cin,BRCA2 (675)_damaging,random_forest_reg
0,50,cin,SMARCA4 (6597)_damaging,random_forest_reg
0,50,cin,LARP1 (23367)_damaging,random_forest_reg
0,50,cin,FSIP2 (401024)_damaging,random_forest_reg
0,50,cin,PBRM1 (55193)_damaging,random_forest_reg
0,50,cin,FASN (2194)_damaging,random_forest_reg
1,5,cin,TP53 (7157)_damaging,random_forest_reg
1,5,cin,BRAF (673)_hotspot,random_forest_reg
1,5,cin,ID3 (3399)_damaging,random_forest_reg
1,5,cin,KRAS (3845)_hotspot,random_forest_reg
1,5,cin,CREBBP (1387)_damaging,random_forest_reg
1,10,cin,TP53 (7157)_damaging,random_forest_reg
1,10,cin,BRAF (673)_hotspot,random_forest_reg
1,10,cin,ID3 (3399)_damaging,random_forest_reg
1,10,cin,KRAS (3845)_hotspot,random_forest_reg
1,10,cin,CREBBP (1387)_damaging,random_forest_reg
1,10,cin,PIK3CA (5290)_hotspot,random_forest_reg
1,10,cin,TERT (7015)_hotspot,random_forest_reg
1,10,cin,BAP1 (8314)_damaging,random_forest_reg
1,10,cin,TP53 (7157)_hotspot,random_forest_reg
1,10,cin,KMT2B (9757)_damaging,random_forest_reg
1,20,cin,TP53 (7157)_damaging,random_forest_reg
1,20,cin,BRAF (673)_hotspot,random_forest_reg
1,20,cin,ID3 (3399)_damaging,random_forest_reg
1,20,cin,KRAS (3845)_hotspot,random_forest_reg
1,20,cin,CREBBP (1387)_damaging,random_forest_reg
1,20,cin,PIK3CA (5290)_hotspot,random_forest_reg
1,20,cin,TERT (7015)_hotspot,random_forest_reg
1,20,cin,BAP1 (8314)_damaging,random_forest_reg
1,20,cin,TP53 (7157)_hotspot,random_forest_reg
1,20,cin,KMT2B (9757)_damaging,random_forest_reg
1,20,cin,TTN (7273)_damaging,random_forest_reg
1,20,cin,ASXL1 (171023)_damaging,random_forest_reg
1,20,cin,RB1 (5925)_damaging,random_forest_reg
1,20,cin,SLK (9748)_damaging,random_forest_reg
1,20,cin,VHL (7428)_damaging,random_forest_reg
1,20,cin,RAD50 (10111)_damaging,random_forest_reg
1,20,cin,NF2 (4771)_damaging,random_forest_reg
1,20,cin,PCLO (27445)_damaging,random_forest_reg
1,20,cin,PTEN (5728)_damaging,random_forest_reg
1,20,cin,SIN3A (25942)_damaging,random_forest_reg
1,50,cin,TP53 (7157)_damaging,random_forest_reg
1,50,cin,BRAF (673)_hotspot,random_forest_reg
1,50,cin,ID3 (3399)_damaging,random_forest_reg
1,50,cin,KRAS (3845)_hotspot,random_forest_reg
1,50,cin,CREBBP (1387)_damaging,random_forest_reg
1,50,cin,PIK3CA (5290)_hotspot,random_forest_reg
1,50,cin,TERT (7015)_hotspot,random_forest_reg
1,50,cin,BAP1 (8314)_damaging,random_forest_reg
1,50,cin,TP53 (7157)_hotspot,random_forest_reg
1,50,cin,KMT2B (9757)_damaging,random_forest_reg
1,50,cin,TTN (7273)_damaging,random_forest_reg
1,50,cin,ASXL1 (171023)_damaging,random_forest_reg
1,50,cin,RB1 (5925)_damaging,random_forest_reg
1,50,cin,SLK (9748)_damaging,random_forest_reg
1,50,cin,VHL (7428)_damaging,random_forest_reg
1,50,cin,RAD50 (10111)_damaging,random_forest_reg
1,50,cin,NF2 (4771)_damaging,random_forest_reg
1,50,cin,PCLO (27445)_damaging,random_forest_reg
1,50,cin,PTEN (5728)_damaging,random_forest_reg
1,50,cin,SIN3A (25942)_damaging,random_forest_reg
1,50,cin,LINC02138 (400558)_damaging,random_forest_reg
1,50,cin,NRAS (4893)_hotspot,random_forest_reg
1,50,cin,BRCA2 (675)_damaging,random_forest_reg
1,50,cin,DGKH (160851)_damaging,random_forest_reg
1,50,cin,ARID1A (8289)_damaging,random_forest_reg
1,50,cin,LINC02900 (340073)_damaging,random_forest_reg
1,50,cin,BCOR (54880)_damaging,random_forest_reg
1,50,cin,PDS5B (23047)_damaging,random_forest_reg
1,50,cin,KMT2D (8085)_damaging,random_forest_reg
1,50,cin,NF1 (4763)_damaging,random_forest_reg
1,50,cin,TYRO3 (7301)_damaging,random_forest_reg
1,50,cin,CDKN2A (1029)_damaging,random_forest_reg
1,50,cin,LRP1B (53353)_damaging,random_forest_reg
1,50,cin,CEP126 (57562)_damaging,random_forest_reg
1,50,cin,KNOP1 (400506)_damaging,random_forest_reg
1,50,cin,SYNE1 (23345)_damaging,random_forest_reg
1,50,cin,HERC1 (8925)_damaging,random_forest_reg
1,50,cin,PTEN (5728)_hotspot,random_forest_reg
1,50,cin,ABCA9 (10350)_damaging,random_forest_reg
1,50,cin,MUC16 (94025)_damaging,random_forest_reg
1,50,cin,CCDST (112268240)_damaging,random_forest_reg
1,50,cin,GNA13 (10672)_damaging,random_forest_reg
1,50,cin,JAKMIP3 (282973)_damaging,random_forest_reg
1,50,cin,SMARCA4 (6597)_damaging,random_forest_reg
1,50,cin,MUC4 (4585)_damaging,random_forest_reg
1,50,cin,FBN1 (2200)_damaging,random_forest_reg
1,50,cin,SDHA (6389)_damaging,random_forest_reg
1,50,cin,PITX1 (5307)_damaging,random_forest_reg
1,50,cin,EP400 (57634)_damaging,random_forest_reg
1,50,cin,RPL22 (6146)_damaging,random_forest_reg
2,5,cin,TP53 (7157)_damaging,random_forest_reg
2,5,cin,BRAF (673)_hotspot,random_forest_reg
2,5,cin,ID3 (3399)_damaging,random_forest_reg
2,5,cin,KRAS (3845)_hotspot,random_forest_reg
2,5,cin,PIK3CA (5290)_hotspot,random_forest_reg
2,10,cin,TP53 (7157)_damaging,random_forest_reg
2,10,cin,BRAF (673)_hotspot,random_forest_reg
2,10,cin,ID3 (3399)_damaging,random_forest_reg
2,10,cin,KRAS (3845)_hotspot,random_forest_reg
2,10,cin,PIK3CA (5290)_hotspot,random_forest_reg
2,10,cin,RAD50 (10111)_damaging,random_forest_reg
2,10,cin,RB1 (5925)_damaging,random_forest_reg
2,10,cin,SLK (9748)_damaging,random_forest_reg
2,10,cin,CREBBP (1387)_damaging,random_forest_reg
2,10,cin,TERT (7015)_hotspot,random_forest_reg
2,20,cin,TP53 (7157)_damaging,random_forest_reg
2,20,cin,BRAF (673)_hotspot,random_forest_reg
2,20,cin,ID3 (3399)_damaging,random_forest_reg
2,20,cin,KRAS (3845)_hotspot,random_forest_reg
2,20,cin,PIK3CA (5290)_hotspot,random_forest_reg
2,20,cin,RAD50 (10111)_damaging,random_forest_reg
2,20,cin,RB1 (5925)_damaging,random_forest_reg
2,20,cin,SLK (9748)_damaging,random_forest_reg
2,20,cin,CREBBP (1387)_damaging,random_forest_reg
2,20,cin,TERT (7015)_hotspot,random_forest_reg
2,20,cin,SIN3A (25942)_damaging,random_forest_reg
2,20,cin,BCOR (54880)_damaging,random_forest_reg
2,20,cin,PDS5B (23047)_damaging,random_forest_reg
2,20,cin,ASXL1 (171023)_damaging,random_forest_reg
2,20,cin,BAP1 (8314)_damaging,random_forest_reg
2,20,cin,TP53 (7157)_hotspot,random_forest_reg
2,20,cin,TTN (7273)_damaging,random_forest_reg
2,20,cin,VHL (7428)_damaging,random_forest_reg
2,20,cin,LINC02900 (340073)_damaging,random_forest_reg
2,20,cin,PTEN (5728)_damaging,random_forest_reg
2,50,cin,TP53 (7157)_damaging,random_forest_reg
2,50,cin,BRAF (673)_hotspot,random_forest_reg
2,50,cin,ID3 (3399)_damaging,random_forest_reg
2,50,cin,KRAS (3845)_hotspot,random_forest_reg
2,50,cin,PIK3CA (5290)_hotspot,random_forest_reg
2,50,cin,RAD50 (10111)_damaging,random_forest_reg
2,50,cin,RB1 (5925)_damaging,random_forest_reg
2,50,cin,SLK (9748)_damaging,random_forest_reg
2,50,cin,CREBBP (1387)_damaging,random_forest_reg
2,50,cin,TERT (7015)_hotspot,random_forest_reg
2,50,cin,SIN3A (25942)_damaging,random_forest_reg
2,50,cin,BCOR (54880)_damaging,random_forest_reg
2,50,cin,PDS5B (23047)_damaging,random_forest_reg
2,50,cin,ASXL1 (171023)_damaging,random_forest_reg
2,50,cin,BAP1 (8314)_damaging,random_forest_reg
2,50,cin,TP53 (7157)_hotspot,random_forest_reg
2,50,cin,TTN (7273)_damaging,random_forest_reg
2,50,cin,VHL (7428)_damaging,random_forest_reg
2,50,cin,LINC02900 (340073)_damaging,random_forest_reg
2,50,cin,PTEN (5728)_damaging,random_forest_reg
2,50,cin,LRP1B (53353)_damaging,random_forest_reg
2,50,cin,SYNE1 (23345)_damaging,random_forest_reg
2,50,cin,NF1 (4763)_damaging,random_forest_reg
2,50,cin,NRAS (4893)_hotspot,random_forest_reg
2,50,cin,ARID1A (8289)_damaging,random_forest_reg
2,50,cin,DGKH (160851)_damaging,random_forest_reg
2,50,cin,LINC02138 (400558)_damaging,random_forest_reg
2,50,cin,EP300 (2033)_damaging,random_forest_reg
2,50,cin,HERC1 (8925)_damaging,random_forest_reg
2,50,cin,COL7A1 (1294)_damaging,random_forest_reg
2,50,cin,ABCA9 (10350)_damaging,random_forest_reg
2,50,cin,TET2 (54790)_damaging,random_forest_reg
2,50,cin,CDKN2A (1029)_damaging,random_forest_reg
2,50,cin,KMT2B (9757)_damaging,random_forest_reg
2,50,cin,TYRO3 (7301)_damaging,random_forest_reg
2,50,cin,EZH2 (2146)_hotspot,random_forest_reg
2,50,cin,NF2 (4771)_damaging,random_forest_reg
2,50,cin,KMT2D (8085)_damaging,random_forest_reg
2,50,cin,EP400 (57634)_damaging,random_forest_reg
2,50,cin,PBRM1 (55193)_damaging,random_forest_reg
2,50,cin,GOLGA4 (2803)_damaging,random_forest_reg
2,50,cin,RPL22 (6146)_damaging,random_forest_reg
2,50,cin,SMARCA4 (6597)_damaging,random_forest_reg
2,50,cin,ABCA12 (26154)_damaging,random_forest_reg
2,50,cin,CMYA5 (202333)_damaging,random_forest_reg
2,50,cin,GNA13 (10672)_damaging,random_forest_reg
2,50,cin,MUC2 (4583)_damaging,random_forest_reg
2,50,cin,MGA (23269)_damaging,random_forest_reg
2,50,cin,QKI (9444)_damaging,random_forest_reg
2,50,cin,LARP4B (23185)_damaging,random_forest_reg
3,5,cin,TP53 (7157)_damaging,random_forest_reg
3,5,cin,BRAF (673)_hotspot,random_forest_reg
3,5,cin,ID3 (3399)_damaging,random_forest_reg
3,5,cin,KRAS (3845)_hotspot,random_forest_reg
3,5,cin,RB1 (5925)_damaging,random_forest_reg
3,10,cin,TP53 (7157)_damaging,random_forest_reg
3,10,cin,BRAF (673)_hotspot,random_forest_reg
3,10,cin,ID3 (3399)_damaging,random_forest_reg
3,10,cin,KRAS (3845)_hotspot,random_forest_reg
3,10,cin,RB1 (5925)_damaging,random_forest_reg
3,10,cin,PDS5B (23047)_damaging,random_forest_reg
3,10,cin,DGKH (160851)_damaging,random_forest_reg
3,10,cin,PIK3CA (5290)_hotspot,random_forest_reg
3,10,cin,ASXL1 (171023)_damaging,random_forest_reg
3,10,cin,LRP1B (53353)_damaging,random_forest_reg
3,20,cin,TP53 (7157)_damaging,random_forest_reg
3,20,cin,BRAF (673)_hotspot,random_forest_reg
3,20,cin,ID3 (3399)_damaging,random_forest_reg
3,20,cin,KRAS (3845)_hotspot,random_forest_reg
3,20,cin,RB1 (5925)_damaging,random_forest_reg
3,20,cin,PDS5B (23047)_damaging,random_forest_reg
3,20,cin,DGKH (160851)_damaging,random_forest_reg
3,20,cin,PIK3CA (5290)_hotspot,random_forest_reg
3,20,cin,ASXL1 (171023)_damaging,random_forest_reg
3,20,cin,LRP1B (53353)_damaging,random_forest_reg
3,20,cin,TERT (7015)_hotspot,random_forest_reg
3,20,cin,SLK (9748)_damaging,random_forest_reg
3,20,cin,VHL (7428)_damaging,random_forest_reg
3,20,cin,NF2 (4771)_damaging,random_forest_reg
3,20,cin,SDHA (6389)_damaging,random_forest_reg
3,20,cin,BAP1 (8314)_damaging,random_forest_reg
3,20,cin,LINC02900 (340073)_damaging,random_forest_reg
3,20,cin,CREBBP (1387)_damaging,random_forest_reg
3,20,cin,TTN (7273)_damaging,random_forest_reg
3,20,cin,NRAS (4893)_hotspot,random_forest_reg
3,50,cin,TP53 (7157)_damaging,random_forest_reg
3,50,cin,BRAF (673)_hotspot,random_forest_reg
3,50,cin,ID3 (3399)_damaging,random_forest_reg
3,50,cin,KRAS (3845)_hotspot,random_forest_reg
3,50,cin,RB1 (5925)_damaging,random_forest_reg
3,50,cin,PDS5B (23047)_damaging,random_forest_reg
3,50,cin,DGKH (160851)_damaging,random_forest_reg
3,50,cin,PIK3CA (5290)_hotspot,random_forest_reg
3,50,cin,ASXL1 (171023)_damaging,random_forest_reg
3,50,cin,LRP1B (53353)_damaging,random_forest_reg
3,50,cin,TERT (7015)_hotspot,random_forest_reg
3,50,cin,SLK (9748)_damaging,random_forest_reg
3,50,cin,VHL (7428)_damaging,random_forest_reg
3,50,cin,NF2 (4771)_damaging,random_forest_reg
3,50,cin,SDHA (6389)_damaging,random_forest_reg
3,50,cin,BAP1 (8314)_damaging,random_forest_reg
3,50,cin,LINC02900 (340073)_damaging,random_forest_reg
3,50,cin,CREBBP (1387)_damaging,random_forest_reg
3,50,cin,TTN (7273)_damaging,random_forest_reg
3,50,cin,NRAS (4893)_hotspot,random_forest_reg
3,50,cin,EZH2 (2146)_hotspot,random_forest_reg
3,50,cin,RAD50 (10111)_damaging,random_forest_reg
3,50,cin,KMT2B (9757)_damaging,random_forest_reg
3,50,cin,ARID1A (8289)_damaging,random_forest_reg
3,50,cin,TP53 (7157)_hotspot,random_forest_reg
3,50,cin,NF1 (4763)_damaging,random_forest_reg
3,50,cin,PTEN (5728)_damaging,random_forest_reg
3,50,cin,TYRO3 (7301)_damaging,random_forest_reg
3,50,cin,ROBO2 (6092)_damaging,random_forest_reg
3,50,cin,LINC02138 (400558)_damaging,random_forest_reg
3,50,cin,SYNE1 (23345)_damaging,random_forest_reg
3,50,cin,STAG2 (10735)_damaging,random_forest_reg
3,50,cin,PTEN (5728)_hotspot,random_forest_reg
3,50,cin,MUC19 (283463)_damaging,random_forest_reg
3,50,cin,JAKMIP3 (282973)_damaging,random_forest_reg
3,50,cin,BRCA2 (675)_damaging,random_forest_reg
3,50,cin,CDKN2A (1029)_damaging,random_forest_reg
3,50,cin,BLTP1 (84162)_damaging,random_forest_reg
3,50,cin,HLA-A (3105)_damaging,random_forest_reg
3,50,cin,KMT2D (8085)_damaging,random_forest_reg
3,50,cin,SMARCA4 (6597)_damaging,random_forest_reg
3,50,cin,SIN3A (25942)_damaging,random_forest_reg
3,50,cin,CMYA5 (202333)_damaging,random_forest_reg
3,50,cin,MYRF (745)_damaging,random_forest_reg
3,50,cin,MGA (23269)_damaging,random_forest_reg
3,50,cin,TET2 (54790)_damaging,random_forest_reg
3,50,cin,FSIP2 (401024)_damaging,random_forest_reg
3,50,cin,SPATA22 (84690)_damaging,random_forest_reg
3,50,cin,PBRM1 (55193)_damaging,random_forest_reg
3,50,cin,CEP126 (57562)_damaging,random_forest_reg
4,5,cin,TP53 (7157)_damaging,random_forest_reg
4,5,cin,BRAF (673)_hotspot,random_forest_reg
4,5,cin,ID3 (3399)_damaging,random_forest_reg
4,5,cin,TP53 (7157)_hotspot,random_forest_reg
4,5,cin,KRAS (3845)_hotspot,random_forest_reg
4,10,cin,TP53 (7157)_damaging,random_forest_reg
4,10,cin,BRAF (673)_hotspot,random_forest_reg
4,10,cin,ID3 (3399)_damaging,random_forest_reg
4,10,cin,TP53 (7157)_hotspot,random_forest_reg
4,10,cin,KRAS (3845)_hotspot,random_forest_reg
4,10,cin,TERT (7015)_hotspot,random_forest_reg
4,10,cin,PIK3CA (5290)_hotspot,random_forest_reg
4,10,cin,BCOR (54880)_damaging,random_forest_reg
4,10,cin,KNOP1 (400506)_damaging,random_forest_reg
4,10,cin,DGKH (160851)_damaging,random_forest_reg
4,20,cin,TP53 (7157)_damaging,random_forest_reg
4,20,cin,BRAF (673)_hotspot,random_forest_reg
4,20,cin,ID3 (3399)_damaging,random_forest_reg
4,20,cin,TP53 (7157)_hotspot,random_forest_reg
4,20,cin,KRAS (3845)_hotspot,random_forest_reg
4,20,cin,TERT (7015)_hotspot,random_forest_reg
4,20,cin,PIK3CA (5290)_hotspot,random_forest_reg
4,20,cin,BCOR (54880)_damaging,random_forest_reg
4,20,cin,KNOP1 (400506)_damaging,random_forest_reg
4,20,cin,DGKH (160851)_damaging,random_forest_reg
4,20,cin,SLK (9748)_damaging,random_forest_reg
4,20,cin,TTN (7273)_damaging,random_forest_reg
4,20,cin,RB1 (5925)_damaging,random_forest_reg
4,20,cin,BAP1 (8314)_damaging,random_forest_reg
4,20,cin,RAD50 (10111)_damaging,random_forest_reg
4,20,cin,NF2 (4771)_damaging,random_forest_reg
4,20,cin,PTEN (5728)_damaging,random_forest_reg
4,20,cin,VHL (7428)_damaging,random_forest_reg
4,20,cin,PDS5B (23047)_damaging,random_forest_reg
4,20,cin,LINC02900 (340073)_damaging,random_forest_reg
4,50,cin,TP53 (7157)_damaging,random_forest_reg
4,50,cin,BRAF (673)_hotspot,random_forest_reg
4,50,cin,ID3 (3399)_damaging,random_forest_reg
4,50,cin,TP53 (7157)_hotspot,random_forest_reg
4,50,cin,KRAS (3845)_hotspot,random_forest_reg
4,50,cin,TERT (7015)_hotspot,random_forest_reg
4,50,cin,PIK3CA (5290)_hotspot,random_forest_reg
4,50,cin,BCOR (54880)_damaging,random_forest_reg
4,50,cin,KNOP1 (400506)_damaging,random_forest_reg
4,50,cin,DGKH (160851)_damaging,random_forest_reg
4,50,cin,SLK (9748)_damaging,random_forest_reg
4,50,cin,TTN (7273)_damaging,random_forest_reg
4,50,cin,RB1 (5925)_damaging,random_forest_reg
4,50,cin,BAP1 (8314)_damaging,random_forest_reg
4,50,cin,RAD50 (10111)_damaging,random_forest_reg
4,50,cin,NF2 (4771)_damaging,random_forest_reg
4,50,cin,PTEN (5728)_damaging,random_forest_reg
4,50,cin,VHL (7428)_damaging,random_forest_reg
4,50,cin,PDS5B (23047)_damaging,random_forest_reg
4,50,cin,LINC02900 (340073)_damaging,random_forest_reg
4,50,cin,ARID1A (8289)_damaging,random_forest_reg
4,50,cin,CDKN2A (1029)_damaging,random_forest_reg
4,50,cin,TYRO3 (7301)_damaging,random_forest_reg
4,50,cin,LRP1B (53353)_damaging,random_forest_reg
4,50,cin,CMYA5 (202333)_damaging,random_forest_reg
4,50,cin,SIN3A (25942)_damaging,random_forest_reg
4,50,cin,KMT2B (9757)_damaging,random_forest_reg
4,50,cin,BRCA2 (675)_damaging,random_forest_reg
4,50,cin,NRAS (4893)_hotspot,random_forest_reg
4,50,cin,CREBBP (1387)_damaging,random_forest_reg
4,50,cin,RPL22 (6146)_damaging,random_forest_reg
4,50,cin,KMT2D (8085)_damaging,random_forest_reg
4,50,cin,PBRM1 (55193)_damaging,random_forest_reg
4,50,cin,HLA-A (3105)_damaging,random_forest_reg
4,50,cin,LINC02138 (400558)_damaging,random_forest_reg
4,50,cin,SYNE1 (23345)_damaging,random_forest_reg
4,50,cin,ZNF106 (64397)_damaging,random_forest_reg
4,50,cin,NUP214 (8021)_damaging,random_forest_reg
4,50,cin,CCDST (112268240)_damaging,random_forest_reg
4,50,cin,SMARCA4 (6597)_damaging,random_forest_reg
4,50,cin,EP300 (2033)_damaging,random_forest_reg
4,50,cin,JAKMIP3 (282973)_damaging,random_forest_reg
4,50,cin,BLTP1 (84162)_damaging,random_forest_reg
4,50,cin,NF1 (4763)_damaging,random_forest_reg
4,50,cin,STAG2 (10735)_damaging,random_forest_reg
4,50,cin,TET2 (54790)_damaging,random_forest_reg
4,50,cin,PCLO (27445)_damaging,random_forest_reg
4,50,cin,KDM6A (7403)_damaging,random_forest_reg
4,50,cin,PTEN (5728)_hotspot,random_forest_reg
4,50,cin,PRKDC (5591)_damaging,random_forest_reg
