roc_auc,pr_auc,balanced_accuracy,sensitivity,specificity,f1,brier,n_test,positive_rate,threshold,fold,panel_size,target,model
0.7233753397578453,0.7957371201136803,0.6657400543612553,0.6384976525821596,0.6929824561403509,0.7083333333333334,0.21726130546559377,327,0.6513761467889908,0.505,0,all,wgd,logistic_l1
0.719380611152294,0.793070653495061,0.6648134420558438,0.6103286384976526,0.7192982456140351,0.6933333333333334,0.21841926414346707,327,0.6513761467889908,0.526,0,5,wgd,logistic_l1
0.7306235071246192,0.7949379538747552,0.6562886088460588,0.7511737089201878,0.5614035087719298,0.7565011820330969,0.21348599673613036,327,0.6513761467889908,0.454,0,10,wgd,logistic_l1
0.7265464129808088,0.794243878935971,0.6700024709661477,0.568075117370892,0.7719298245614035,0.6722222222222223,0.21265059533735664,327,0.6513761467889908,0.563,0,20,wgd,logistic_l1
0.70463717980397,0.7841639804477281,0.640721522115147,0.5446009389671361,0.7368421052631579,0.6462395543175488,0.219062344829615,327,0.6513761467889908,0.57,0,30,wgd,logistic_l1
0.7304831941501517,0.8283894340247709,0.673314221612863,0.7183098591549296,0.6283185840707964,0.75,0.21184767300735055,326,0.6533742331288344,0.491,1,all,wgd,logistic_l1
0.6832855540321576,0.7904228944498023,0.6206738958826707,0.6572769953051644,0.584070796460177,0.7,0.2192160849160696,326,0.6533742331288344,0.501,1,5,wgd,logistic_l1
0.6914288088412481,0.7878123956188973,0.6347584029249242,0.6854460093896714,0.584070796460177,0.7192118226600985,0.2168727028449343,326,0.6533742331288344,0.489,1,10,wgd,logistic_l1
0.7004445552370269,0.7938395195623481,0.6377290290415056,0.7887323943661971,0.48672566371681414,0.765375854214123,0.2148896208298289,326,0.6533742331288344,0.44,1,20,wgd,logistic_l1
0.7125763430138352,0.8175871393725791,0.6312268893597573,0.7934272300469484,0.4690265486725664,0.7647058823529411,0.21161631215378976,326,0.6533742331288344,0.428,1,30,wgd,logistic_l1
0.6979932693506171,0.7947785164337535,0.6394532386056754,0.6948356807511737,0.584070796460177,0.7254901960784313,0.2219586098819501,326,0.6533742331288344,0.482,2,all,wgd,logistic_l1
0.6963106070048611,0.7894648269356965,0.6291703020482778,0.568075117370892,0.6902654867256637,0.6558265582655827,0.22391846845744443,326,0.6533742331288344,0.518,2,5,wgd,logistic_l1
0.6892268062653206,0.7821966167712715,0.6454983588848726,0.7511737089201878,0.5398230088495575,0.7529411764705882,0.2222561382392886,326,0.6533742331288344,0.446,2,10,wgd,logistic_l1
0.6860692176658773,0.7851926453623003,0.6543479164069965,0.7511737089201878,0.5575221238938053,0.7565011820330969,0.22301745387206545,326,0.6533742331288344,0.463,2,20,wgd,logistic_l1
0.6721924467156924,0.779829295226012,0.6187834974448461,0.5915492957746479,0.6460176991150443,0.6649076517150396,0.22832242079384976,326,0.6533742331288344,0.545,2,30,wgd,logistic_l1
0.6962898333956542,0.7922828278670433,0.6404503718476048,0.6525821596244131,0.6283185840707964,0.7055837563451777,0.22311819594009366,326,0.6533742331288344,0.504,3,all,wgd,logistic_l1
0.6712784079105903,0.7638455122458603,0.6211309152852216,0.596244131455399,0.6460176991150443,0.6684210526315789,0.22756173136292623,326,0.6533742331288344,0.51,3,5,wgd,logistic_l1
0.6938385475092443,0.7790081731870003,0.6082928247953799,0.7652582159624414,0.45132743362831856,0.7442922374429224,0.2224311105287615,326,0.6533742331288344,0.422,3,10,wgd,logistic_l1
0.6860692176658773,0.7824472854880636,0.6173293448003656,0.6948356807511737,0.5398230088495575,0.7167070217917676,0.2261830966043677,326,0.6533742331288344,0.466,3,20,wgd,logistic_l1
0.6864015954131871,0.7915846059779771,0.6363787444430595,0.7417840375586855,0.5309734513274337,0.7452830188679245,0.22456565087830174,326,0.6533742331288344,0.439,3,30,wgd,logistic_l1
0.7130089374379345,0.7958536850834047,0.658349884144323,0.8254716981132075,0.49122807017543857,0.7865168539325843,0.2176547329571902,326,0.6503067484662577,0.436,4,all,wgd,logistic_l1
0.6519364448857994,0.7565286323871054,0.5993462429659053,0.7688679245283019,0.4298245614035088,0.740909090909091,0.23219564289372863,326,0.6503067484662577,0.451,4,5,wgd,logistic_l1
0.6856173452499172,0.7838470935851193,0.6310410460112545,0.7971698113207547,0.4649122807017544,0.7647058823529411,0.22242019170743813,326,0.6503067484662577,0.428,4,10,wgd,logistic_l1
0.695878848063555,0.7826590926666417,0.6384475339291625,0.8207547169811321,0.45614035087719296,0.7767857142857143,0.21891915531297693,326,0.6503067484662577,0.436,4,20,wgd,logistic_l1
0.7149122807017544,0.7903366340976836,0.6867759020191989,0.6981132075471698,0.6754385964912281,0.7455919395465995,0.21213808151335367,326,0.6503067484662577,0.54,4,30,wgd,logistic_l1
0.6781759688762532,0.6552549832572696,0.6053980248391442,0.5705521472392638,0.6402439024390244,0.5904761904761905,0.22523698139306972,327,0.4984709480122324,0.525,0,all,cin,logistic_l1
0.6646341463414634,0.6358873812432818,0.6299566063145294,0.6257668711656442,0.6341463414634146,0.6276923076923077,0.23120218288596162,327,0.4984709480122324,0.483,0,5,cin,logistic_l1
0.6627263205147389,0.6323075347300007,0.5871614544366303,0.588957055214724,0.5853658536585366,0.5871559633027523,0.2325883918330412,327,0.4984709480122324,0.5,0,10,cin,logistic_l1
0.6606314529402963,0.6512633024811822,0.6086338470746671,0.6319018404907976,0.5853658536585366,0.6167664670658682,0.2345814727709164,327,0.4984709480122324,0.489,0,20,cin,logistic_l1
0.6577510100254377,0.630730647071565,0.599431393086937,0.6134969325153374,0.5853658536585366,0.6042296072507553,0.23541216390647018,327,0.4984709480122324,0.497,0,30,cin,logistic_l1
0.6917460197975084,0.6736184675391987,0.6196319018404908,0.558282208588957,0.6809815950920245,0.5947712418300654,0.22180166421205755,326,0.5,0.518,1,all,cin,logistic_l1
0.6687681132146487,0.6197443185755038,0.6319018404907976,0.6932515337423313,0.5705521472392638,0.653179190751445,0.23218306432864916,326,0.5,0.472,1,5,cin,logistic_l1
0.6921976739809553,0.6681767530522515,0.6165644171779141,0.656441717791411,0.5766871165644172,0.6312684365781711,0.2231157508471055,326,0.5,0.474,1,10,cin,logistic_l1
0.6655877150062102,0.6538587784494494,0.6134969325153374,0.5521472392638037,0.6748466257668712,0.5882352941176471,0.2356584003643569,326,0.5,0.524,1,20,cin,logistic_l1
0.6786856863261697,0.6646507817843077,0.6134969325153374,0.558282208588957,0.6687116564417178,0.5909090909090909,0.23270444761222836,326,0.5,0.52,1,30,cin,logistic_l1
0.7001392600398962,0.6938699125152187,0.6257668711656441,0.5950920245398773,0.656441717791411,0.6139240506329114,0.22014708477928488,326,0.5,0.528,2,all,cin,logistic_l1
0.63863901539388,0.6212336145131934,0.6165644171779141,0.6441717791411042,0.588957055214724,0.6268656716417911,0.2385322713020083,326,0.5,0.479,2,5,cin,logistic_l1
0.6811697843351274,0.6735646170605962,0.6134969325153374,0.6932515337423313,0.5337423312883436,0.6420454545454546,0.2262557489230756,326,0.5,0.458,2,10,cin,logistic_l1
0.6874553050547632,0.6708867813663943,0.6380368098159509,0.6993865030674846,0.5766871165644172,0.6589595375722543,0.22614754898313028,326,0.5,0.472,2,20,cin,logistic_l1
0.6958485452971508,0.6833549709468842,0.6288343558282208,0.6932515337423313,0.5644171779141104,0.6512968299711815,0.22268689368132114,326,0.5,0.474,2,30,cin,logistic_l1
0.7319056042756596,0.7068111345474162,0.6809815950920246,0.803680981595092,0.558282208588957,0.7158469945355191,0.2115786555827614,326,0.5,0.461,3,all,cin,logistic_l1
0.6771048966841055,0.6595520833337151,0.6349693251533742,0.6993865030674846,0.5705521472392638,0.6570605187319885,0.22707845504065466,326,0.5,0.461,3,5,cin,logistic_l1
0.7016071361360985,0.672014804342854,0.6349693251533742,0.6687116564417178,0.6012269938650306,0.6468842729970327,0.2206868616648067,326,0.5,0.507,3,10,cin,logistic_l1
0.7182807030750124,0.6999251862041342,0.6625766871165644,0.7239263803680982,0.6012269938650306,0.6820809248554913,0.21402549100517085,326,0.5,0.498,3,20,cin,logistic_l1
0.7328841883397945,0.6949198494744162,0.665644171779141,0.7116564417177914,0.6196319018404908,0.6803519061583577,0.2095920155068863,326,0.5,0.493,3,30,cin,logistic_l1
0.7010689551339957,0.6563337951894299,0.6591388136103583,0.7195121951219512,0.5987654320987654,0.6801152737752162,0.21880289079213666,326,0.5030674846625767,0.502,4,all,cin,logistic_l1
0.6670054200542006,0.6503440575082511,0.6376844323998796,0.6951219512195121,0.5802469135802469,0.6589595375722543,0.23031031953479525,326,0.5030674846625767,0.47,4,5,cin,logistic_l1
0.6626769045468233,0.6234505595067017,0.6310975609756098,0.7621951219512195,0.5,0.6756756756756757,0.231456164368941,326,0.5030674846625767,0.469,4,10,cin,logistic_l1
0.6710328214393255,0.6234434752351283,0.6373080397470641,0.7560975609756098,0.5185185185185185,0.6775956284153005,0.2286433355743524,326,0.5030674846625767,0.49,4,20,cin,logistic_l1
0.6977566997892201,0.6504671021190948,0.6593270099367661,0.6890243902439024,0.6296296296296297,0.6706231454005934,0.22093703999266293,326,0.5030674846625767,0.533,4,30,cin,logistic_l1
0.7372811611551698,0.7484847393774388,0.6851713302409097,0.7361963190184049,0.6341463414634146,0.6997084548104956,0.20868204913214594,327,0.4984709480122324,0.469,0,all,loh,logistic_l1
0.6832635044141853,0.6745001122715824,0.6484363309890768,0.6871165644171779,0.6097560975609756,0.6607669616519174,0.2252048458794953,327,0.4984709480122324,0.463,0,5,loh,logistic_l1
0.7289016908573993,0.7315912008551178,0.6819542121801586,0.6809815950920245,0.6829268292682927,0.6809815950920245,0.21056601333046657,327,0.4984709480122324,0.491,0,10,loh,logistic_l1
0.7418823881490348,0.7552968589785498,0.6571524764327398,0.5460122699386503,0.7682926829268293,0.6137931034482759,0.20621394314728494,327,0.4984709480122324,0.538,0,20,loh,logistic_l1
0.7424809217417327,0.752047350689315,0.6851713302409097,0.7361963190184049,0.6341463414634146,0.6997084548104956,0.20579413784581482,327,0.4984709480122324,0.46,0,30,loh,logistic_l1
0.669577326959991,0.648169521962389,0.6441717791411044,0.7730061349693251,0.5153374233128835,0.6847826086956522,0.2284180255007681,326,0.5,0.45,1,all,loh,logistic_l1
0.6019232940645113,0.5853290898131742,0.558282208588957,0.5828220858895705,0.5337423312883436,0.5688622754491018,0.24489984786032706,326,0.5,0.492,1,5,loh,logistic_l1
0.6534683277503858,0.6347298483219865,0.6134969325153374,0.6073619631901841,0.6196319018404908,0.6111111111111112,0.23345345472035883,326,0.5,0.518,1,10,loh,logistic_l1
0.6518499002597011,0.6358480136923454,0.6257668711656441,0.6441717791411042,0.6073619631901841,0.6325301204819277,0.23850324040149867,326,0.5,0.513,1,20,loh,logistic_l1
0.6587752644058866,0.640996799719252,0.6411042944785277,0.7423312883435583,0.5398773006134969,0.6740947075208914,0.2375485898989084,326,0.5,0.44,1,30,loh,logistic_l1
0.7234370883360306,0.7101777055945724,0.6503067484662577,0.6748466257668712,0.6257668711656442,0.6586826347305389,0.21299540388583219,326,0.5,0.494,2,all,loh,logistic_l1
0.6995746923105876,0.6650760467124419,0.6595092024539877,0.7116564417177914,0.6073619631901841,0.6763848396501457,0.2217239416817586,326,0.5,0.481,2,5,loh,logistic_l1
0.7123715608415824,0.7068989329249107,0.6411042944785277,0.7423312883435583,0.5398773006134969,0.6740947075208914,0.21618552821100176,326,0.5,0.451,2,10,loh,logistic_l1
0.7128608528736498,0.704138247367219,0.6257668711656441,0.6809815950920245,0.5705521472392638,0.6453488372093024,0.21478070394508164,326,0.5,0.48,2,20,loh,logistic_l1
0.722609055666378,0.7099522099257248,0.647239263803681,0.7300613496932515,0.5644171779141104,0.6742209631728046,0.21204433735701195,326,0.5,0.465,2,30,loh,logistic_l1
0.7142050587172539,0.7309813624462907,0.6376844323998796,0.6951219512195121,0.5802469135802469,0.6589595375722543,0.2150348665726137,326,0.5030674846625767,0.476,3,all,loh,logistic_l1
0.6738745859680818,0.657211458825861,0.6352755194218609,0.5853658536585366,0.6851851851851852,0.617363344051447,0.22823111814793764,326,0.5030674846625767,0.504,3,5,loh,logistic_l1
0.7103658536585364,0.7134646374751508,0.650782896717856,0.573170731707317,0.7283950617283951,0.6225165562913907,0.21621498118319696,326,0.5030674846625767,0.526,3,10,loh,logistic_l1
0.712059620596206,0.7235724828096805,0.6435937970490816,0.7378048780487805,0.5493827160493827,0.6759776536312849,0.21442287376994004,326,0.5030674846625767,0.461,3,20,loh,logistic_l1
0.7004290876242096,0.7191883693196717,0.6350120445648901,0.6280487804878049,0.6419753086419753,0.6338461538461538,0.21961114084096794,326,0.5030674846625767,0.503,3,30,loh,logistic_l1
0.6394294102149122,0.5821811549511772,0.6165644171779141,0.6809815950920245,0.5521472392638037,0.6397694524495677,0.24160693170151484,326,0.5,0.487,4,all,loh,logistic_l1
0.5867364221461101,0.540706794809368,0.5920245398773006,0.6932515337423313,0.49079754601226994,0.6295264623955432,0.26181514584902815,326,0.5,0.447,4,5,loh,logistic_l1
0.6180887500470473,0.569079773804553,0.6012269938650306,0.6932515337423313,0.50920245398773,0.6348314606741573,0.25274699323211697,326,0.5,0.465,4,10,loh,logistic_l1
0.6257292333170236,0.572970910523656,0.5828220858895705,0.6073619631901841,0.558282208588957,0.592814371257485,0.25110678889444077,326,0.5,0.508,4,20,loh,logistic_l1
0.646580601452821,0.5880258771667122,0.6196319018404908,0.7791411042944786,0.4601226993865031,0.671957671957672,0.2449890171607078,326,0.5,0.428,4,30,loh,logistic_l1
0.7895560497487851,0.8778441912100241,0.7024339016555473,0.5539906103286385,0.8508771929824561,0.6781609195402298,0.18374235219942542,327,0.6513761467889908,0.646,0,all,wgd,random_forest
0.7453669384729429,0.8481058021798594,0.6834074623177663,0.7089201877934272,0.6578947368421053,0.749379652605459,0.20174767121905707,327,0.6513761467889908,0.512,0,5,wgd,random_forest
0.7685116547236637,0.8550389600096815,0.6843958487768718,0.6056338028169014,0.7631578947368421,0.6991869918699187,0.18820270334057945,327,0.6513761467889908,0.599,0,10,wgd,random_forest
0.7683469236471461,0.8632358655878547,0.6718556955769706,0.6244131455399061,0.7192982456140351,0.7037037037037037,0.18773103346445133,327,0.6513761467889908,0.582,0,20,wgd,random_forest
0.7804546577711885,0.8685170904925605,0.6831603657029899,0.568075117370892,0.7982456140350878,0.6778711484593838,0.1797542385321101,327,0.6513761467889908,0.686,0,30,wgd,random_forest
0.7793427230046949,0.8572988356985742,0.7265985292284682,0.647887323943662,0.8053097345132744,0.739946380697051,0.1858068591261542,326,0.6533742331288344,0.6,1,all,wgd,random_forest
0.7224230337778885,0.8201879303554385,0.6440649798495991,0.6244131455399061,0.6637168141592921,0.6927083333333334,0.2019560249578539,326,0.6533742331288344,0.573,1,5,wgd,random_forest
0.7385018073040011,0.8325989561063225,0.6785491711329926,0.7464788732394366,0.6106194690265486,0.7644230769230769,0.1931834807617456,326,0.6533742331288344,0.553,1,10,wgd,random_forest
0.7503427645519133,0.8414474809761558,0.6836179317794673,0.6150234741784038,0.7522123893805309,0.7043010752688172,0.19006257963422973,326,0.6533742331288344,0.614,1,20,wgd,random_forest
0.7624537787195148,0.854386137088663,0.7080892434251527,0.6197183098591549,0.7964601769911505,0.717391304347826,0.1855558036809816,326,0.6533742331288344,0.698,1,30,wgd,random_forest
0.7744816984502888,0.8675254286010083,0.7323735925879762,0.6948356807511737,0.7699115044247787,0.7648578811369509,0.18609550920245396,326,0.6533742331288344,0.662,2,all,wgd,random_forest
0.7240226016868171,0.8407358722826606,0.6436079604470482,0.6854460093896714,0.6017699115044248,0.7227722772277227,0.20344629486966126,326,0.6533742331288344,0.532,2,5,wgd,random_forest
0.7466450621130916,0.846051284899103,0.6796293988117496,0.784037558685446,0.5752212389380531,0.780373831775701,0.19342088457208279,326,0.6533742331288344,0.503,2,10,wgd,random_forest
0.760272549752794,0.8618544273204979,0.7013170468237151,0.6150234741784038,0.7876106194690266,0.7119565217391305,0.1891717489931771,326,0.6533742331288344,0.62,2,20,wgd,random_forest
0.7660060658938883,0.8637018803765941,0.7042045785034692,0.6384976525821596,0.7699115044247787,0.7253333333333334,0.18638675688395714,326,0.6533742331288344,0.607,2,30,wgd,random_forest
0.7745232456687025,0.864741702534862,0.6866924259420832,0.568075117370892,0.8053097345132744,0.6797752808988764,0.18786527214530124,326,0.6533742331288344,0.613,3,all,wgd,random_forest
0.6923843948647637,0.7949094976376541,0.6392870497320204,0.5352112676056338,0.7433628318584071,0.6404494382022472,0.21813690997460364,326,0.6533742331288344,0.606,3,5,wgd,random_forest
0.740329884914205,0.8377404020893777,0.6703435954962815,0.6150234741784038,0.7256637168141593,0.6986666666666667,0.19869600034060564,326,0.6533742331288344,0.574,3,10,wgd,random_forest
0.7442353234450952,0.8461883258143261,0.6913872616228344,0.5774647887323944,0.8053097345132744,0.6871508379888268,0.19490362050261228,326,0.6533742331288344,0.62,3,20,wgd,random_forest
0.751443765839877,0.8476770446223154,0.6914703560596618,0.6572769953051644,0.7256637168141593,0.7291666666666666,0.1882039018404908,326,0.6533742331288344,0.626,3,30,wgd,random_forest
0.7344836146971202,0.8182843036133074,0.6523502151605429,0.7169811320754716,0.5877192982456141,0.7396593673965937,0.19524620772796547,326,0.6503067484662577,0.565,4,all,wgd,random_forest
0.6771764316451506,0.8049476847701553,0.6372062231049321,0.660377358490566,0.6140350877192983,0.7070707070707071,0.21827073606767863,326,0.6503067484662577,0.591,4,5,wgd,random_forest
0.7205395564382654,0.8155094262429792,0.6742800397219464,0.7169811320754716,0.631578947368421,0.7487684729064039,0.1999785796949657,326,0.6503067484662577,0.566,4,10,wgd,random_forest
0.7226497848394572,0.8120498246659321,0.6641426679907316,0.7405660377358491,0.5877192982456141,0.7548076923076923,0.19859705228643754,326,0.6503067484662577,0.555,4,20,wgd,random_forest
0.7252151605428666,0.807749463836734,0.6628186031115525,0.7028301886792453,0.6228070175438597,0.7376237623762376,0.19752424361233875,326,0.6503067484662577,0.578,4,30,wgd,random_forest
0.751084842136765,0.733830425438079,0.6942802633547809,0.7239263803680982,0.6646341463414634,0.7023809523809523,0.20618807339449544,327,0.4984709480122324,0.466,0,all,cin,random_forest
0.6962629058805926,0.6575795263912234,0.6484550351638485,0.6932515337423313,0.6036585365853658,0.6627565982404692,0.2224607273218227,327,0.4984709480122324,0.487,0,5,cin,random_forest
0.7251234475534939,0.690381999447429,0.6788493191680383,0.6625766871165644,0.6951219512195121,0.6728971962616822,0.21261205936192182,327,0.4984709480122324,0.512,0,10,cin,random_forest
0.7471195570851414,0.7352683772087681,0.6909696244201706,0.6380368098159509,0.7439024390243902,0.6731391585760518,0.2043242788232633,327,0.4984709480122324,0.519,0,20,cin,random_forest
0.7479425407751011,0.7409612980509869,0.6726582373185694,0.6319018404907976,0.7134146341463414,0.65814696485623,0.20350212626879827,327,0.4984709480122324,0.504,0,30,cin,random_forest
0.7611878505024652,0.7442398750072498,0.6687116564417178,0.6319018404907976,0.7055214723926381,0.6560509554140127,0.2009197136882618,326,0.5,0.501,1,all,cin,random_forest
0.6812262411080581,0.6405596695357657,0.6319018404907975,0.6441717791411042,0.6196319018404908,0.6363636363636364,0.23027751389555778,326,0.5,0.492,1,5,cin,random_forest
0.7437615265911401,0.7191507744162468,0.6717791411042945,0.7116564417177914,0.6319018404907976,0.6843657817109144,0.20488815528801455,326,0.5,0.458,1,10,cin,random_forest
0.7545259512966239,0.7431080577421199,0.6809815950920246,0.7239263803680982,0.6380368098159509,0.6941176470588235,0.20110910297528609,326,0.5,0.468,1,20,cin,random_forest
0.76148895329143,0.7497521155665585,0.6717791411042945,0.7116564417177914,0.6319018404907976,0.6843657817109144,0.19823524303030327,326,0.5,0.47,1,30,cin,random_forest
0.7562761112574804,0.749190841340044,0.7085889570552147,0.6871165644171779,0.7300613496932515,0.7021943573667712,0.2056162944785276,326,0.5,0.498,2,all,cin,random_forest
0.6704053596296436,0.6715304512393314,0.6196319018404908,0.6319018404907976,0.6073619631901841,0.6242424242424243,0.23199462944086313,326,0.5,0.524,2,5,cin,random_forest
0.7246038616432685,0.7163244127870272,0.6809815950920246,0.6073619631901841,0.754601226993865,0.6556291390728477,0.21405721301430183,326,0.5,0.558,2,10,cin,random_forest
0.7563513869547217,0.7371290355450258,0.7116564417177914,0.6625766871165644,0.7607361963190185,0.6967741935483871,0.20375047852760733,326,0.5,0.532,2,20,cin,random_forest
0.7559561895442057,0.7503646993239149,0.6932515337423313,0.7361963190184049,0.6503067484662577,0.7058823529411765,0.20348599820107707,326,0.5,0.498,2,30,cin,random_forest
0.7826037863675712,0.7657245502899037,0.7024539877300613,0.754601226993865,0.6503067484662577,0.717201166180758,0.19823942019746857,326,0.5,0.477,3,all,cin,random_forest
0.7278407166246378,0.7050395395816239,0.6595092024539877,0.558282208588957,0.7607361963190185,0.621160409556314,0.2115100792765329,326,0.5,0.56,3,5,cin,random_forest
0.7511385449207724,0.7598277695883612,0.6932515337423313,0.6073619631901841,0.7791411042944786,0.6644295302013423,0.20483986726240272,326,0.5,0.561,3,10,cin,random_forest
0.7817757536979185,0.7810210636768,0.7055214723926381,0.7055214723926381,0.7055214723926381,0.7055214723926381,0.19487745572275458,326,0.5,0.502,3,20,cin,random_forest
0.7819827618653318,0.7814597263201243,0.7147239263803682,0.6503067484662577,0.7791411042944786,0.6950819672131148,0.19542451533742328,326,0.5,0.53,3,30,cin,random_forest
0.7580171635049684,0.756598039501356,0.6991493526046372,0.7378048780487805,0.6604938271604939,0.711764705882353,0.20396784507859142,326,0.5030674846625767,0.502,4,all,cin,random_forest
0.6688121047877146,0.6658176298328281,0.6173215898825655,0.49390243902439024,0.7407407407407407,0.5644599303135889,0.23229745380310368,326,0.5030674846625767,0.571,4,5,cin,random_forest
0.7195874736525142,0.7233582690458086,0.6689250225835592,0.6341463414634146,0.7037037037037037,0.6582278481012658,0.21337424860626084,326,0.5030674846625767,0.527,4,10,cin,random_forest
0.7341162300511894,0.7352794966517486,0.6747214694369166,0.6951219512195121,0.654320987654321,0.6826347305389222,0.20862519588233056,326,0.5030674846625767,0.494,4,20,cin,random_forest
0.7391975308641976,0.739140319899676,0.6840183679614573,0.6890243902439024,0.6790123456790124,0.6869300911854104,0.20732663081914507,326,0.5030674846625767,0.511,4,30,cin,random_forest
0.7588657788418375,0.7702021115617763,0.6820290288792459,0.7055214723926381,0.6585365853658537,0.688622754491018,0.20386424907656908,327,0.4984709480122324,0.471,0,all,loh,random_forest
0.6786435732455484,0.6858312137825409,0.6089892263953314,0.7484662576687117,0.4695121951219512,0.6559139784946236,0.22864632804431229,327,0.4984709480122324,0.433,0,5,loh,random_forest
0.7312771210534191,0.7381957176442151,0.6546274128385455,0.7177914110429447,0.5914634146341463,0.6743515850144092,0.20990585941853993,327,0.4984709480122324,0.466,0,10,loh,random_forest
0.7283779739637887,0.7562856735218642,0.6543655543917403,0.6319018404907976,0.676829268292683,0.64576802507837,0.20969044651864208,327,0.4984709480122324,0.5,0,20,loh,random_forest
0.7485410743677988,0.7730376068897665,0.6878834355828221,0.6257668711656442,0.75,0.6666666666666666,0.20385188573637733,327,0.4984709480122324,0.503,0,30,loh,random_forest
0.7245285859460273,0.7540781212325411,0.6625766871165644,0.6809815950920245,0.6441717791411042,0.6686746987951807,0.21015249573577063,326,0.5,0.479,1,all,loh,random_forest
0.7130678610410628,0.7237902625971387,0.6441717791411044,0.7116564417177914,0.5766871165644172,0.6666666666666666,0.2159812479018275,326,0.5,0.47,1,5,loh,random_forest
0.7101509277729685,0.74263612763134,0.6196319018404908,0.7116564417177914,0.5276073619631901,0.651685393258427,0.21621178570685512,326,0.5,0.456,1,10,loh,random_forest
0.7096992735895216,0.7503808149787654,0.6717791411042945,0.558282208588957,0.7852760736196319,0.629757785467128,0.21395353711203305,326,0.5,0.563,1,20,loh,random_forest
0.7230795287741352,0.7564734558005708,0.6503067484662577,0.6441717791411042,0.656441717791411,0.6481481481481481,0.20963229447852758,326,0.5,0.492,1,30,loh,random_forest
0.7526440588655954,0.7235219505004251,0.6871165644171779,0.7300613496932515,0.6441717791411042,0.7,0.2084800490797546,326,0.5,0.474,2,all,loh,random_forest
0.7074033648236666,0.6922926538932226,0.6533742331288344,0.6748466257668712,0.6319018404907976,0.6606606606606606,0.21659849416482163,326,0.5,0.491,2,5,loh,random_forest
0.7338251345553088,0.7265924208606953,0.6625766871165644,0.6257668711656442,0.6993865030674846,0.6496815286624203,0.20812971495609567,326,0.5,0.527,2,10,loh,random_forest
0.7324325341563476,0.7164748352598602,0.6411042944785277,0.6073619631901841,0.6748466257668712,0.6285714285714286,0.2088975919582752,326,0.5,0.522,2,20,loh,random_forest
0.7534720915352479,0.7249765941476132,0.6779141104294479,0.8220858895705522,0.5337423312883436,0.7184986595174263,0.20530003945669367,326,0.5,0.443,2,30,loh,random_forest
0.7620445648900933,0.7659109494587866,0.7025368864799759,0.6890243902439024,0.7160493827160493,0.6996904024767802,0.20411522657403355,326,0.5030674846625767,0.492,3,all,loh,random_forest
0.7331187895212286,0.6944155063488,0.6811954230653418,0.6463414634146342,0.7160493827160493,0.6708860759493671,0.21067792463474072,326,0.5030674846625767,0.507,3,5,loh,random_forest
0.7615552544414332,0.7614043424548242,0.6875188196326407,0.6219512195121951,0.7530864197530864,0.6666666666666666,0.2004123912078346,326,0.5030674846625767,0.51,3,10,loh,random_forest
0.7492848539596507,0.7583836224800933,0.6784477566997892,0.5914634146341463,0.7654320987654321,0.6488294314381271,0.2048328891085486,326,0.5030674846625767,0.53,3,20,loh,random_forest
0.7597862089732008,0.7745724008626472,0.6878199337548931,0.573170731707317,0.8024691358024691,0.6482758620689655,0.2026266942422261,326,0.5030674846625767,0.534,3,30,loh,random_forest
0.7165305431141556,0.6904408042300416,0.656441717791411,0.6809815950920245,0.6319018404907976,0.6646706586826348,0.2186513496932515,326,0.5,0.484,4,all,loh,random_forest
0.6555384094245174,0.6400438264672295,0.5920245398773006,0.4110429447852761,0.7730061349693251,0.50187265917603,0.23970467242376253,326,0.5,0.598,4,5,loh,random_forest
0.6617110165982912,0.649919085240952,0.6196319018404908,0.7177914110429447,0.5214723926380368,0.6536312849162011,0.23277134602720118,326,0.5,0.444,4,10,loh,random_forest
0.6601302269562271,0.6307316739684166,0.6165644171779141,0.6993865030674846,0.5337423312883436,0.6458923512747875,0.23180703137295072,326,0.5,0.467,4,20,loh,random_forest
0.6822989197937445,0.6569368215722668,0.6134969325153374,0.6196319018404908,0.6073619631901841,0.6158536585365854,0.22379060503206843,326,0.5,0.508,4,30,loh,random_forest
