roc_auc,pr_auc,balanced_accuracy,sensitivity,specificity,f1,brier,n_test,positive_rate,threshold,fold,panel_size,target,model,n_genes,n_sig
0.8140186146116465,0.8834778892245794,0.7410427477143563,0.7276995305164319,0.7543859649122807,0.7828282828282829,0.18682381238001877,327,0.6513761467889908,0.478,0,all,wgd,logistic_l1,1415,96
0.8002635697224282,0.8676314815185026,0.71725969854213,0.6713615023474179,0.7631578947368421,0.7467362924281984,0.19077131949137605,327,0.6513761467889908,0.5,0,10,wgd,logistic_l1,7,3
0.802734535870192,0.8684755752083081,0.7272671114405733,0.7089201877934272,0.7456140350877193,0.7684478371501272,0.19098023880602494,327,0.6513761467889908,0.445,0,20,wgd,logistic_l1,12,8
0.7879499217527387,0.8564160319761572,0.7249196936001976,0.704225352112676,0.7456140350877193,0.7653061224489796,0.197628497241054,327,0.6513761467889908,0.449,0,30,wgd,logistic_l1,20,10
0.8065561510656861,0.8498751883007256,0.7490755743902946,0.7370892018779343,0.7610619469026548,0.7909319899244333,0.1748884490500852,326,0.6533742331288344,0.537,1,all,wgd,logistic_l1,1356,96
0.8090074369520962,0.8605430350738882,0.7274917944243633,0.755868544600939,0.6991150442477876,0.7892156862745098,0.1720869650776416,326,0.6533742331288344,0.532,1,10,wgd,logistic_l1,5,5
0.7839544642486185,0.838287978185899,0.7006730649383024,0.7464788732394366,0.6548672566371682,0.7737226277372263,0.18147828884910316,326,0.6533742331288344,0.538,1,20,wgd,logistic_l1,12,8
0.7781378536706968,0.8198944518518707,0.7082554322988076,0.7793427230046949,0.6371681415929203,0.7904761904761904,0.18233547940786626,326,0.6533742331288344,0.521,1,30,wgd,logistic_l1,20,10
0.7551622418879056,0.8208357226353531,0.6803564751339898,0.7323943661971831,0.6283185840707964,0.7591240875912408,0.20047120049772055,326,0.6533742331288344,0.453,2,all,wgd,logistic_l1,1402,96
0.738667996177656,0.8295071035641076,0.67088370933566,0.6338028169014085,0.7079646017699115,0.7086614173228346,0.2106315258920756,326,0.6533742331288344,0.572,2,10,wgd,logistic_l1,6,4
0.74261498192696,0.8294959329580819,0.6671652332876314,0.812206572769953,0.5221238938053098,0.7863636363636364,0.208094225987508,326,0.6533742331288344,0.369,2,20,wgd,logistic_l1,9,11
0.7458556649632307,0.8258324740599995,0.690660185300594,0.6291079812206573,0.7522123893805309,0.7146666666666667,0.20728380693890938,326,0.6533742331288344,0.602,2,30,wgd,logistic_l1,16,14
0.8077610203996843,0.8719849427482926,0.7691221072749179,0.7417840375586855,0.7964601769911505,0.8020304568527918,0.18320415378795465,326,0.6533742331288344,0.488,3,all,wgd,logistic_l1,1277,96
0.7802567618097968,0.8549522018286584,0.7131372304624206,0.7183098591549296,0.7079646017699115,0.7669172932330827,0.19117692617921642,326,0.6533742331288344,0.511,3,10,wgd,logistic_l1,4,6
0.7955876854044623,0.8704103729306791,0.7301092691844281,0.7699530516431925,0.6902654867256637,0.7961165048543689,0.18943469504655963,326,0.6533742331288344,0.42,3,20,wgd,logistic_l1,11,9
0.8001578794299721,0.8735201042474954,0.7479953467115377,0.6995305164319249,0.7964601769911505,0.7740259740259741,0.18715398878461517,326,0.6533742331288344,0.543,3,30,wgd,logistic_l1,17,13
0.7706471367096988,0.8323412448189302,0.677341939755048,0.6792452830188679,0.6754385964912281,0.732824427480916,0.19093200480218564,326,0.6503067484662577,0.537,4,all,wgd,logistic_l1,1380,96
0.7557927838464086,0.8287374922402363,0.6998924197285668,0.7594339622641509,0.6403508771929824,0.7777777777777778,0.19487610448291065,326,0.6503067484662577,0.5,4,10,wgd,logistic_l1,6,4
0.7347732538894405,0.7957469693103805,0.6638116517709367,0.7311320754716981,0.5964912280701754,0.7506053268765133,0.20622836252223284,326,0.6503067484662577,0.469,4,20,wgd,logistic_l1,11,9
0.7300148957298909,0.7961900287922761,0.6648460774577953,0.6981132075471698,0.631578947368421,0.736318407960199,0.20826039082834888,326,0.6503067484662577,0.532,4,30,wgd,logistic_l1,18,12
0.7572572198114619,0.7072768731797964,0.7096925033667515,0.7791411042944786,0.6402439024390244,0.7277936962750716,0.2019544099406498,327,0.4984709480122324,0.483,0,all,cin,logistic_l1,1395,96
0.7482418075714499,0.7017094409486658,0.679167290139159,0.7668711656441718,0.5914634146341463,0.704225352112676,0.2039861933034901,327,0.4984709480122324,0.465,0,10,cin,logistic_l1,4,6
0.7490647912614095,0.7018461649260247,0.7065689061798593,0.754601226993865,0.6585365853658537,0.7192982456140351,0.20345634858331968,327,0.4984709480122324,0.481,0,20,cin,logistic_l1,10,10
0.7632425557384408,0.7072652669557267,0.7002281909322161,0.6748466257668712,0.725609756097561,0.6918238993710691,0.19981082447704107,327,0.4984709480122324,0.529,0,30,cin,logistic_l1,18,12
0.7492566524897437,0.7141702563555274,0.6748466257668712,0.6993865030674846,0.6503067484662577,0.6826347305389222,0.20399197397590868,326,0.5,0.472,1,all,cin,logistic_l1,1380,96
0.74703601942113,0.7144075456649919,0.696319018404908,0.7300613496932515,0.6625766871165644,0.7062314540059347,0.20354441762348466,326,0.5,0.468,1,10,cin,logistic_l1,4,6
0.7480898791825059,0.73178532899174,0.6809815950920245,0.6809815950920245,0.6809815950920245,0.6809815950920245,0.2054635142859182,326,0.5,0.519,1,20,cin,logistic_l1,10,10
0.739094433362189,0.7163530170986736,0.6748466257668712,0.6319018404907976,0.7177914110429447,0.6602564102564102,0.21150132215456213,326,0.5,0.547,1,30,cin,logistic_l1,16,14
0.7414279799766645,0.7390234152286014,0.656441717791411,0.7791411042944786,0.5337423312883436,0.6939890710382514,0.20603463753567902,326,0.5,0.442,2,all,cin,logistic_l1,1469,96
0.7046934397229854,0.6885551274515307,0.6411042944785276,0.7730061349693251,0.50920245398773,0.6829268292682927,0.2206622453037199,326,0.5,0.413,2,10,cin,logistic_l1,3,7
0.7338627724039294,0.7307968279483503,0.6533742331288344,0.7607361963190185,0.5460122699386503,0.6869806094182825,0.21136399595344016,326,0.5,0.429,2,20,cin,logistic_l1,9,11
0.7157213293688133,0.7102371457796235,0.6687116564417178,0.7607361963190185,0.5766871165644172,0.6966292134831461,0.2203723811538484,326,0.5,0.429,2,30,cin,logistic_l1,15,15
0.7383416763897774,0.6837918892533968,0.7147239263803681,0.7361963190184049,0.6932515337423313,0.7207207207207207,0.20603585283107465,326,0.5,0.531,3,all,cin,logistic_l1,1220,96
0.7113929767774474,0.6631704143912527,0.656441717791411,0.7423312883435583,0.5705521472392638,0.6836158192090396,0.2197224337079594,326,0.5,0.5,3,10,cin,logistic_l1,6,4
0.7114306146260679,0.6807084883992007,0.6717791411042944,0.6441717791411042,0.6993865030674846,0.6624605678233438,0.22041156256577407,326,0.5,0.558,3,20,cin,logistic_l1,13,7
0.7270126839549852,0.6739380655115373,0.6840490797546013,0.7116564417177914,0.656441717791411,0.6925373134328359,0.2173417683288475,326,0.5,0.513,3,30,cin,logistic_l1,20,10
0.7446928635953027,0.692973255070927,0.6646341463414633,0.8292682926829268,0.5,0.7139107611548556,0.20394559394073133,326,0.5030674846625767,0.423,4,all,cin,logistic_l1,1345,96
0.7498494429388739,0.7069807213023578,0.7015959048479374,0.8414634146341463,0.5617283950617284,0.739946380697051,0.20246390440866277,326,0.5030674846625767,0.421,4,10,cin,logistic_l1,3,7
0.7495483288166216,0.7115393795429861,0.7049834387232761,0.7926829268292683,0.6172839506172839,0.7303370786516854,0.2035508160105706,326,0.5030674846625767,0.465,4,20,cin,logistic_l1,10,10
0.7244052996085517,0.6763868381957137,0.6775067750677507,0.7439024390243902,0.6111111111111112,0.6991404011461319,0.21627761776841067,326,0.5030674846625767,0.483,4,30,cin,logistic_l1,18,12
0.761559180008978,0.7464651643793296,0.6944298967529552,0.7730061349693251,0.6158536585365854,0.7159090909090909,0.1985257525424597,327,0.4984709480122324,0.425,0,all,loh,logistic_l1,1368,96
0.7279477779440371,0.7246502434416441,0.6726769414933413,0.6380368098159509,0.7073170731707317,0.6603174603174603,0.2123655539964736,327,0.4984709480122324,0.507,0,10,loh,logistic_l1,5,5
0.7382911865928475,0.736294522232476,0.6697403860541673,0.6748466257668712,0.6646341463414634,0.6707317073170732,0.2117564489454233,327,0.4984709480122324,0.459,0,20,loh,logistic_l1,12,8
0.7592398623372737,0.7401744133909434,0.6727330540176567,0.656441717791411,0.6890243902439024,0.6666666666666666,0.20515601629507377,327,0.4984709480122324,0.48,0,30,loh,logistic_l1,18,12
0.7474123979073355,0.7426647000076269,0.6687116564417177,0.6932515337423313,0.6441717791411042,0.6766467065868264,0.20396202454995013,326,0.5,0.508,1,all,loh,logistic_l1,1404,96
0.7415785313711468,0.7212806808700206,0.6503067484662577,0.588957055214724,0.7116564417177914,0.6274509803921569,0.20669288318842147,326,0.5,0.561,1,10,loh,logistic_l1,4,6
0.7372878166284016,0.7285139708266919,0.665644171779141,0.6196319018404908,0.7116564417177914,0.6495176848874598,0.2096514148267737,326,0.5,0.562,1,20,loh,logistic_l1,10,10
0.7571606007000639,0.7420723663269471,0.6993865030674846,0.6932515337423313,0.7055214723926381,0.6975308641975309,0.2038148130012056,326,0.5,0.543,1,30,loh,logistic_l1,16,14
0.7955888441416689,0.7767984276284411,0.7177914110429449,0.6871165644171779,0.7484662576687117,0.7088607594936709,0.18637711635259727,326,0.5,0.559,2,all,loh,logistic_l1,1461,96
0.7620158831721179,0.7555753946771508,0.6748466257668712,0.656441717791411,0.6932515337423313,0.66875,0.19901183159483618,326,0.5,0.561,2,10,loh,logistic_l1,3,7
0.7742105461251834,0.7722938992000354,0.696319018404908,0.7607361963190185,0.6319018404907976,0.7146974063400576,0.19407484836423383,326,0.5,0.499,2,20,loh,logistic_l1,9,11
0.7707478640520908,0.7604515436047082,0.6901840490797546,0.6993865030674846,0.6809815950920245,0.6930091185410334,0.1961418348360848,326,0.5,0.538,2,30,loh,logistic_l1,18,12
0.7699864498644987,0.7459816898203389,0.7083709725986149,0.7439024390243902,0.6728395061728395,0.7197640117994101,0.1954594827552946,326,0.5030674846625767,0.458,3,all,loh,logistic_l1,1162,96
0.7314438422162,0.7201930953559696,0.6935034628124059,0.6524390243902439,0.7345679012345679,0.6815286624203821,0.20995604528009307,326,0.5030674846625767,0.506,3,10,loh,logistic_l1,4,6
0.7449186991869918,0.7287239820042664,0.7114950316169828,0.7378048780487805,0.6851851851851852,0.7202380952380952,0.21052556212007095,326,0.5030674846625767,0.437,3,20,loh,logistic_l1,11,9
0.7485320686540199,0.7243400756001549,0.6961758506473954,0.7195121951219512,0.6728395061728395,0.7044776119402985,0.20889556799942208,326,0.5030674846625767,0.454,3,30,loh,logistic_l1,19,11
0.7014942225902367,0.6478091932006074,0.665644171779141,0.6625766871165644,0.6687116564417178,0.6646153846153846,0.21995450690227394,326,0.5,0.542,4,all,loh,logistic_l1,1415,96
0.654936203846588,0.6222353453854168,0.588957055214724,0.6073619631901841,0.5705521472392638,0.5963855421686747,0.2401429100998722,326,0.5,0.54,4,10,loh,logistic_l1,3,7
0.6837291580413263,0.6496045126639702,0.6503067484662577,0.6993865030674846,0.6012269938650306,0.6666666666666666,0.2340769785233228,326,0.5,0.505,4,20,loh,logistic_l1,10,10
0.6957732695999097,0.646463931683592,0.647239263803681,0.6073619631901841,0.6871165644171779,0.6325878594249201,0.23179135125845274,326,0.5,0.578,4,30,loh,logistic_l1,19,11
0.8236965653570546,0.8978430874694026,0.7280701754385965,0.6666666666666666,0.7894736842105263,0.7493403693931399,0.1843630799158489,327,0.6513761467889908,0.577,0,all,wgd,random_forest,1415,96
0.8038464706366856,0.8758437031496454,0.7286879169755374,0.6854460093896714,0.7719298245614035,0.7584415584415585,0.17614681861777118,327,0.6513761467889908,0.551,0,10,wgd,random_forest,1,9
0.8067292644757433,0.8834213968495148,0.7111440573264146,0.6854460093896714,0.7368421052631579,0.7506426735218509,0.17612734777221722,327,0.6513761467889908,0.549,0,20,wgd,random_forest,2,18
0.8209785025945144,0.8945855703129801,0.7260316283666914,0.6713615023474179,0.7807017543859649,0.7506561679790026,0.17087825786429184,327,0.6513761467889908,0.578,0,30,wgd,random_forest,2,28
0.8107524201254726,0.8677038863288553,0.7367983713490383,0.6948356807511737,0.7787610619469026,0.7668393782383419,0.18456014442384427,326,0.6533742331288344,0.579,1,all,wgd,random_forest,1356,96
0.7963770825543229,0.8665125578458879,0.7251443765839877,0.7511737089201878,0.6991150442477876,0.7862407862407862,0.17320116175048758,326,0.6533742331288344,0.549,1,10,wgd,random_forest,2,8
0.7958369687149447,0.8684947652281336,0.7264115667456064,0.7183098591549296,0.7345132743362832,0.7727272727272727,0.1740498827013182,326,0.6533742331288344,0.599,1,20,wgd,random_forest,2,18
0.7979143296356309,0.8643762790271854,0.72433420582492,0.7230046948356808,0.7256637168141593,0.7738693467336684,0.17454567099824542,326,0.6533742331288344,0.583,1,30,wgd,random_forest,2,28
0.7879845444347501,0.8695070493048433,0.730566288586979,0.7089201877934272,0.7522123893805309,0.7704081632653061,0.18945729544510476,326,0.6533742331288344,0.571,2,all,wgd,random_forest,1402,96
0.755868544600939,0.8438358699068094,0.6959782292575512,0.7370892018779343,0.6548672566371682,0.7677261613691931,0.19037527004302832,326,0.6533742331288344,0.498,2,10,wgd,random_forest,2,8
0.7581951888321076,0.8425621515540821,0.7050978436993643,0.7464788732394366,0.6637168141592921,0.775609756097561,0.18877466235718876,326,0.6533742331288344,0.515,2,20,wgd,random_forest,2,18
0.7660060658938884,0.8520915795847367,0.6994058747766837,0.7793427230046949,0.6194690265486725,0.7867298578199052,0.18438137016538714,326,0.6533742331288344,0.516,2,30,wgd,random_forest,2,28
0.8078648884457185,0.8860632237291302,0.7224438073870955,0.6572769953051644,0.7876106194690266,0.7427055702917772,0.17690552147239264,326,0.6533742331288344,0.646,3,all,wgd,random_forest,1277,96
0.7668785574805768,0.8484503919401123,0.7178320661431716,0.7276995305164319,0.7079646017699115,0.773067331670823,0.18798077121431206,326,0.6533742331288344,0.538,3,10,wgd,random_forest,1,9
0.7936765133574307,0.8697905776267622,0.7289459470688437,0.6525821596244131,0.8053097345132744,0.7433155080213903,0.1820284146166455,326,0.6533742331288344,0.583,3,20,wgd,random_forest,1,19
0.7915991524367443,0.8711593370943806,0.730566288586979,0.7089201877934272,0.7522123893805309,0.7704081632653061,0.17953783788692904,326,0.6533742331288344,0.55,3,30,wgd,random_forest,1,29
0.7543859649122807,0.8158833354686321,0.6985683548493876,0.7216981132075472,0.6754385964912281,0.7611940298507462,0.1946584806450647,326,0.6503067484662577,0.568,4,all,wgd,random_forest,1380,96
0.7286494538232374,0.8167154374214436,0.6684872558755379,0.8018867924528302,0.5350877192982456,0.7816091954022989,0.1937887237265234,326,0.6503067484662577,0.536,4,10,wgd,random_forest,2,8
0.7511585567692818,0.8211966165252342,0.7137123469049984,0.7783018867924528,0.6491228070175439,0.7913669064748201,0.18714654587743795,326,0.6503067484662577,0.561,4,20,wgd,random_forest,2,18
0.7558755379013571,0.8277176843452961,0.7258771929824561,0.75,0.7017543859649122,0.7851851851851852,0.18619765772092137,326,0.6503067484662577,0.58,4,30,wgd,random_forest,2,28
0.7719212928325603,0.742890136420808,0.6973477480173575,0.7300613496932515,0.6646341463414634,0.7062314540059347,0.20553598810186569,327,0.4984709480122324,0.486,0,all,cin,random_forest,1395,96
0.7539652850516235,0.7200585993283514,0.6727704623672004,0.6687116564417178,0.676829268292683,0.6707692307692308,0.20145438917813047,327,0.4984709480122324,0.504,0,10,cin,random_forest,1,9
0.7751758192428551,0.7547650569562476,0.7001907825826724,0.6625766871165644,0.7378048780487805,0.6878980891719745,0.19486607457481867,327,0.4984709480122324,0.527,0,20,cin,random_forest,1,19
0.7761110279814456,0.7594671857387966,0.7126851713302409,0.7607361963190185,0.6646341463414634,0.7251461988304093,0.19493530487946165,327,0.4984709480122324,0.468,0,30,cin,random_forest,1,29
0.7765252738153487,0.7704642628088314,0.6809815950920246,0.7300613496932515,0.6319018404907976,0.695906432748538,0.1964823190184049,326,0.5,0.472,1,all,cin,random_forest,1380,96
0.745530505476307,0.7262038174340449,0.6748466257668712,0.6503067484662577,0.6993865030674846,0.6666666666666666,0.2037099140370026,326,0.5,0.509,1,10,cin,random_forest,0,10
0.7445142835635515,0.7403092114043235,0.6779141104294478,0.6809815950920245,0.6748466257668712,0.6788990825688074,0.2034741773414028,326,0.5,0.491,1,20,cin,random_forest,0,20
0.7825096917460197,0.7657283771346728,0.7085889570552147,0.7055214723926381,0.7116564417177914,0.7076923076923077,0.19141869938650308,326,0.5,0.49,1,30,cin,random_forest,1,29
0.7635966728141821,0.7428197823589375,0.7177914110429449,0.7423312883435583,0.6932515337423313,0.7245508982035929,0.20375105521472392,326,0.5,0.5,2,all,cin,random_forest,1469,96
0.6991606759757614,0.6914161710095257,0.6226993865030674,0.6380368098159509,0.6073619631901841,0.6283987915407855,0.22179986279964617,326,0.5,0.53,2,10,cin,random_forest,1,9
0.739357898302533,0.7260728333863566,0.656441717791411,0.7423312883435583,0.5705521472392638,0.6836158192090396,0.20804710429447854,326,0.5,0.456,2,20,cin,random_forest,1,19
0.745793970416651,0.7342998802019096,0.6687116564417178,0.6687116564417178,0.6687116564417178,0.6687116564417178,0.20551525153374234,326,0.5,0.502,2,30,cin,random_forest,1,29
0.7910723023072,0.7624353124283672,0.7116564417177914,0.803680981595092,0.6196319018404908,0.7359550561797753,0.20005415817694008,326,0.5,0.462,3,all,cin,random_forest,1220,96
0.7619029696262563,0.7319579079703264,0.7116564417177914,0.6441717791411042,0.7791411042944786,0.6907894736842105,0.20019704499499033,326,0.5,0.557,3,10,cin,random_forest,1,9
0.7817004780006775,0.7633572339267671,0.7208588957055215,0.6932515337423313,0.7484662576687117,0.7129337539432177,0.19347817487701638,326,0.5,0.533,3,20,cin,random_forest,1,19
0.7802514208287854,0.7639920941686174,0.7423312883435582,0.7484662576687117,0.7361963190184049,0.7439024390243902,0.1944888588957055,326,0.5,0.506,3,30,cin,random_forest,1,29
0.7723577235772358,0.7573674392096176,0.7020852152965974,0.7621951219512195,0.6419753086419753,0.7204610951008645,0.20492539498183956,326,0.5030674846625767,0.493,4,all,cin,random_forest,1345,96
0.7148072869617585,0.7211425673648753,0.6782595603733815,0.6219512195121951,0.7345679012345679,0.6601941747572816,0.21541797124799775,326,0.5030674846625767,0.545,4,10,cin,random_forest,1,9
0.7432249322493225,0.7428406883734214,0.690379403794038,0.6585365853658537,0.7222222222222222,0.6813880126182965,0.20550476011951258,326,0.5030674846625767,0.533,4,20,cin,random_forest,1,19
0.7471770551038844,0.7517774521794618,0.6656880457693466,0.6585365853658537,0.6728395061728395,0.6646153846153846,0.20352675208816676,326,0.5030674846625767,0.51,4,30,cin,random_forest,1,29
0.7768966033218616,0.7854789779514642,0.6754825677091127,0.558282208588957,0.7926829268292683,0.6319444444444444,0.20024604281345568,327,0.4984709480122324,0.54,0,all,loh,random_forest,1368,96
0.7428737094119406,0.7479521278365464,0.6821599581026485,0.7484662576687117,0.6158536585365854,0.7011494252873564,0.20549330390967585,327,0.4984709480122324,0.445,0,10,loh,random_forest,1,9
0.7488777495136916,0.7676854327304687,0.6818045787819842,0.6319018404907976,0.7317073170731707,0.6645161290322581,0.20266477390977475,327,0.4984709480122324,0.516,0,20,loh,random_forest,1,19
0.7504489001945234,0.7717061194489399,0.6546835253628609,0.7361963190184049,0.573170731707317,0.6798866855524079,0.20205054127112407,327,0.4984709480122324,0.437,0,30,loh,random_forest,1,29
0.7467913734050963,0.7757437246820876,0.696319018404908,0.6748466257668712,0.7177914110429447,0.6896551724137931,0.2040495337423313,326,0.5,0.502,1,all,loh,random_forest,1404,96
0.7501975987052578,0.7791737218720616,0.6993865030674846,0.6687116564417178,0.7300613496932515,0.689873417721519,0.20216342803342313,326,0.5,0.498,1,10,loh,random_forest,1,9
0.7421054612518349,0.7710472743640788,0.6871165644171779,0.6932515337423313,0.6809815950920245,0.6890243902439024,0.20388547075369512,326,0.5,0.483,1,20,loh,random_forest,1,19
0.7451917648387217,0.7753054879579978,0.6840490797546013,0.6503067484662577,0.7177914110429447,0.6730158730158731,0.20287244264926135,326,0.5,0.5,1,30,loh,random_forest,1,29
0.7780307877601716,0.7514050138515289,0.7024539877300613,0.7116564417177914,0.6932515337423313,0.7051671732522796,0.2025031288343558,326,0.5,0.488,2,all,loh,random_forest,1461,96
0.7735330648500133,0.7634131567948395,0.7116564417177914,0.7668711656441718,0.656441717791411,0.7267441860465116,0.19518781763673593,326,0.5,0.504,2,10,loh,random_forest,1,9
0.7667958899469306,0.7493748614250786,0.6840490797546013,0.6380368098159509,0.7300613496932515,0.6688102893890675,0.19950170756035304,326,0.5,0.536,2,20,loh,random_forest,1,19
0.7613007640483269,0.7525989305185227,0.6503067484662577,0.6012269938650306,0.6993865030674846,0.632258064516129,0.20061055214723927,326,0.5,0.528,2,30,loh,random_forest,1,29
0.770287563986751,0.780723939522351,0.699902137910268,0.6158536585365854,0.7839506172839507,0.6733333333333333,0.20588455830152042,326,0.5030674846625767,0.51,3,all,loh,random_forest,1162,96
0.7434507678410117,0.7441233308383883,0.6662526347485697,0.5670731707317073,0.7654320987654321,0.6305084745762712,0.2059947763689732,326,0.5030674846625767,0.527,3,10,loh,random_forest,1,9
0.7722071665161097,0.7826825870554055,0.6934281842818428,0.6646341463414634,0.7222222222222222,0.6855345911949685,0.19546377921232017,326,0.5030674846625767,0.493,3,20,loh,random_forest,1,19
0.7756699789220115,0.7988851500913058,0.6966651610960555,0.6402439024390244,0.7530864197530864,0.6796116504854369,0.1950970589972776,326,0.5030674846625767,0.502,3,30,loh,random_forest,2,28
0.7533591779893861,0.7329415421965988,0.7208588957055215,0.7852760736196319,0.656441717791411,0.7377521613832853,0.20956250306748464,326,0.5,0.484,4,all,loh,random_forest,1415,96
0.7121833715984793,0.6932077038677504,0.6533742331288344,0.6932515337423313,0.6134969325153374,0.6666666666666666,0.2165932406766494,326,0.5,0.486,4,10,loh,random_forest,1,9
0.7215551959050022,0.7113663313383494,0.656441717791411,0.6932515337423313,0.6196319018404908,0.6686390532544378,0.2125029693251534,326,0.5,0.484,4,20,loh,random_forest,1,19
0.729496781963943,0.7032763466557859,0.665644171779141,0.6871165644171779,0.6441717791411042,0.6726726726726727,0.21092165857817693,326,0.5,0.511,4,30,loh,random_forest,1,29
