fold,panel_size,target,model,n_genes,n_sig,genes,sig_classes
0,10,wgd,logistic_l1,7,3,"TP53, ID3, BRAF, CREBBP, TERT, CCND3, ABL2","C[T>C]G, G[T>C]G, G[C>T]C"
0,20,wgd,logistic_l1,12,8,"TP53, ID3, BRAF, CREBBP, TERT, CCND3, ABL2, GPATCH8, BCOR, ITGB4, MEGF6, MDGA2","C[T>C]G, G[T>C]G, G[C>T]C, T[C>A]C, C[T>A]T, C[C>G]T, A[C>T]T, C[C>T]G"
0,30,wgd,logistic_l1,20,10,"TP53, ID3, BRAF, CREBBP, TERT, CCND3, ABL2, GPATCH8, BCOR, ITGB4, MEGF6, MDGA2, SEMA3E, MTOR, DNM2, PITRM1, MUC5B, LRP1B, PTPRC, NF2","C[T>C]G, G[T>C]G, G[C>T]C, T[C>A]C, C[T>A]T, C[C>G]T, A[C>T]T, C[C>T]G, T[T>C]G, G[C>T]T"
1,10,wgd,logistic_l1,5,5,"TP53, BRAF, CREBBP, ID3, TERT","C[T>C]G, G[C>T]C, T[C>A]C, C[C>T]G, C[C>G]T"
1,20,wgd,logistic_l1,12,8,"TP53, BRAF, CREBBP, ID3, TERT, TGFBR2, AEBP1, DGKH, SEMA3E, NF1, CDH7, LRP1B","C[T>C]G, G[C>T]C, T[C>A]C, C[C>T]G, C[C>G]T, A[T>A]A, A[C>A]A, A[T>C]T"
1,30,wgd,logistic_l1,20,10,"TP53, BRAF, CREBBP, ID3, TERT, TGFBR2, AEBP1, DGKH, SEMA3E, NF1, CDH7, LRP1B, BCOR, FREM2, SLK, SIN3A, ARAP2, EZH2, FHOD3, DIDO1","C[T>C]G, G[C>T]C, T[C>A]C, C[C>T]G, C[C>G]T, A[T>A]A, A[C>A]A, A[T>C]T, A[C>T]T, G[C>T]T"
2,10,wgd,logistic_l1,6,4,"TP53, BRAF, ID3, TERT, CREBBP, FAT2","T[C>A]C, G[C>T]C, G[T>C]G, C[T>C]G"
2,20,wgd,logistic_l1,9,11,"TP53, BRAF, ID3, TERT, CREBBP, FAT2, GPATCH8, GNA13, ARFGEF1","T[C>A]C, G[C>T]C, G[T>C]G, C[T>C]G, C[C>A]A, A[C>G]C, C[T>C]C, C[C>T]G, T[C>G]A, C[C>G]T, C[T>A]T"
2,30,wgd,logistic_l1,16,14,"TP53, BRAF, ID3, TERT, CREBBP, FAT2, GPATCH8, GNA13, ARFGEF1, DIDO1, KDM6A, CCND3, STAB2, SIN3A, NPAT, LRP1B","T[C>A]C, G[C>T]C, G[T>C]G, C[T>C]G, C[C>A]A, A[C>G]C, C[T>C]C, C[C>T]G, T[C>G]A, C[C>G]T, C[T>A]T, A[C>T]T, G[T>G]A, C[C>G]A"
3,10,wgd,logistic_l1,4,6,"TP53, BRAF, ID3, LRP1B","T[C>A]C, C[T>C]G, T[C>G]A, G[T>C]G, G[C>T]C, A[C>T]T"
3,20,wgd,logistic_l1,11,9,"TP53, BRAF, ID3, LRP1B, TGFBR2, STAB2, TERT, STK31, ADCY10, SEMA3E, FREM2","T[C>A]C, C[T>C]G, T[C>G]A, G[T>C]G, G[C>T]C, A[C>T]T, C[C>A]A, C[C>T]G, C[T>A]T"
3,30,wgd,logistic_l1,17,13,"TP53, BRAF, ID3, LRP1B, TGFBR2, STAB2, TERT, STK31, ADCY10, SEMA3E, FREM2, CREBBP, DIDO1, NF2, SIN3A, BCOR, PITX1","T[C>A]C, C[T>C]G, T[C>G]A, G[T>C]G, G[C>T]C, A[C>T]T, C[C>A]A, C[C>T]G, C[T>A]T, T[T>C]G, G[T>G]G, A[C>A]C, A[C>A]A"
4,10,wgd,logistic_l1,6,4,"TP53, BRAF, ID3, TERT, NF2, CREBBP","G[C>T]C, C[T>C]G, T[C>A]C, A[C>T]T"
4,20,wgd,logistic_l1,11,9,"TP53, BRAF, ID3, TERT, NF2, CREBBP, RB1, GNA13, DNAH5, NRAS, UNC80","G[C>T]C, C[T>C]G, T[C>A]C, A[C>T]T, C[T>A]T, G[C>T]G, A[C>A]A, A[C>A]G, C[C>T]G"
4,30,wgd,logistic_l1,18,12,"TP53, BRAF, ID3, TERT, NF2, CREBBP, RB1, GNA13, DNAH5, NRAS, UNC80, TTC6, SCNN1B, MUC12, RGS22, DIDO1, EZH2, DGKH","G[C>T]C, C[T>C]G, T[C>A]C, A[C>T]T, C[T>A]T, G[C>T]G, A[C>A]A, A[C>A]G, C[C>T]G, G[T>C]G, C[C>A]A, C[T>C]C"
0,10,cin,logistic_l1,4,6,"TP53, RB1, ID3, SIN3A","C[T>A]T, T[C>A]C, A[C>T]T, C[T>C]G, T[C>G]A, C[C>T]G"
0,20,cin,logistic_l1,10,10,"TP53, RB1, ID3, SIN3A, BRAF, NF1, SLFN11, TERT, CHD5, TYRO3","C[T>A]T, T[C>A]C, A[C>T]T, C[T>C]G, T[C>G]A, C[C>T]G, G[C>T]T, G[T>A]G, A[C>A]A, C[C>T]C"
0,30,cin,logistic_l1,18,12,"TP53, RB1, ID3, SIN3A, BRAF, NF1, SLFN11, TERT, CHD5, TYRO3, SLC27A6, PITX1, ZMYM3, SMAD4, NRAS, CREBBP, MYRF, PIK3CA","C[T>A]T, T[C>A]C, A[C>T]T, C[T>C]G, T[C>G]A, C[C>T]G, G[C>T]T, G[T>A]G, A[C>A]A, C[C>T]C, A[T>C]G, G[T>C]G"
1,10,cin,logistic_l1,4,6,"TP53, ID3, SIN3A, CREBBP","A[C>T]T, A[C>A]A, T[C>A]C, C[C>T]G, C[T>C]G, C[T>A]T"
1,20,cin,logistic_l1,10,10,"TP53, ID3, SIN3A, CREBBP, TYRO3, RB1, ASXL1, NRAS, BRAF, FHOD3","A[C>T]T, A[C>A]A, T[C>A]C, C[C>T]G, C[T>C]G, C[T>A]T, G[T>G]A, T[C>G]A, G[T>C]G, C[C>A]A"
1,30,cin,logistic_l1,16,14,"TP53, ID3, SIN3A, CREBBP, TYRO3, RB1, ASXL1, NRAS, BRAF, FHOD3, NF1, CHD5, STAB2, SLFN11, CEP170B, ARID1B","A[C>T]T, A[C>A]A, T[C>A]C, C[C>T]G, C[T>C]G, C[T>A]T, G[T>G]A, T[C>G]A, G[T>C]G, C[C>A]A, G[T>A]A, C[C>G]G, T[C>G]T, G[C>T]C"
2,10,cin,logistic_l1,3,7,"TP53, ID3, BRAF","C[T>C]G, T[C>A]C, T[C>G]A, C[C>T]G, G[T>G]T, C[T>A]T, A[C>A]A"
2,20,cin,logistic_l1,9,11,"TP53, ID3, BRAF, CREBBP, SIN3A, NRAS, CFAP91, ZMYM3, TYRO3","C[T>C]G, T[C>A]C, T[C>G]A, C[C>T]G, G[T>G]T, C[T>A]T, A[C>A]A, C[C>T]C, G[C>G]C, A[C>T]T, G[T>G]A"
2,30,cin,logistic_l1,15,15,"TP53, ID3, BRAF, CREBBP, SIN3A, NRAS, CFAP91, ZMYM3, TYRO3, TERT, TNKS1BP1, NEB, KDM5C, ATR, NFE2L2","C[T>C]G, T[C>A]C, T[C>G]A, C[C>T]G, G[T>G]T, C[T>A]T, A[C>A]A, C[C>T]C, G[C>G]C, A[C>T]T, G[T>G]A, T[C>T]A, G[C>T]C, T[T>A]C, T[T>A]T"
3,10,cin,logistic_l1,6,4,"TP53, ID3, CREBBP, BRAF, SLFN11, ASXL1","A[C>T]T, T[C>A]C, T[C>G]A, C[T>A]T"
3,20,cin,logistic_l1,13,7,"TP53, ID3, CREBBP, BRAF, SLFN11, ASXL1, RB1, PPP2R1A, TERT, NF1, CMYA5, FBXW7, PIK3CA","A[C>T]T, T[C>A]C, T[C>G]A, C[T>A]T, C[C>T]G, G[T>C]G, C[T>A]C"
3,30,cin,logistic_l1,20,10,"TP53, ID3, CREBBP, BRAF, SLFN11, ASXL1, RB1, PPP2R1A, TERT, NF1, CMYA5, FBXW7, PIK3CA, CHD5, STAB2, ADAMTS12, CRACD, KALRN, MROH2A, NRAS","A[C>T]T, T[C>A]C, T[C>G]A, C[T>A]T, C[C>T]G, G[T>C]G, C[T>A]C, G[T>A]G, A[C>A]A, C[C>T]C"
4,10,cin,logistic_l1,3,7,"TP53, ID3, BRAF","T[C>G]A, T[C>A]C, A[C>A]A, A[C>T]T, G[T>G]A, C[T>A]T, C[T>C]G"
4,20,cin,logistic_l1,10,10,"TP53, ID3, BRAF, CACNA1C, CREBBP, ASXL1, PXDN, AK5, SLFN11, RB1","T[C>G]A, T[C>A]C, A[C>A]A, A[C>T]T, G[T>G]A, C[T>A]T, C[T>C]G, C[C>T]G, C[C>G]T, C[C>G]G"
4,30,cin,logistic_l1,18,12,"TP53, ID3, BRAF, CACNA1C, CREBBP, ASXL1, PXDN, AK5, SLFN11, RB1, TERT, FASTKD5, CNTN1, ERBB3, PCDHB4, MTOR, MORC1, BAP1","T[C>G]A, T[C>A]C, A[C>A]A, A[C>T]T, G[T>G]A, C[T>A]T, C[T>C]G, C[C>T]G, C[C>G]T, C[C>G]G, C[C>A]A, G[C>G]C"
0,10,loh,logistic_l1,5,5,"TP53, NF2, KRAS, ID3, CREBBP","T[C>T]G, T[C>A]C, A[C>T]G, T[C>G]A, G[T>A]G"
0,20,loh,logistic_l1,12,8,"TP53, NF2, KRAS, ID3, CREBBP, ARID1A, PKD1, ZAN, NRAS, BRAF, RB1, ELP1","T[C>T]G, T[C>A]C, A[C>T]G, T[C>G]A, G[T>A]G, C[C>T]G, G[C>A]T, T[C>T]T"
0,30,loh,logistic_l1,18,12,"TP53, NF2, KRAS, ID3, CREBBP, ARID1A, PKD1, ZAN, NRAS, BRAF, RB1, ELP1, GABBR1, AXDND1, ABCB5, RB1, PITX1, SPATA31H1","T[C>T]G, T[C>A]C, A[C>T]G, T[C>G]A, G[T>A]G, C[C>T]G, G[C>A]T, T[C>T]T, A[C>G]C, A[T>C]G, G[T>G]G, A[C>A]A"
1,10,loh,logistic_l1,4,6,"TP53, ID3, NF2, NRAS","T[C>T]G, A[C>T]G, T[C>A]C, G[C>A]T, C[C>T]G, G[T>A]G"
1,20,loh,logistic_l1,10,10,"TP53, ID3, NF2, NRAS, EPHA6, ZAN, CREBBP, ZBTB21, SIN3A, PITX1","T[C>T]G, A[C>T]G, T[C>A]C, G[C>A]T, C[C>T]G, G[T>A]G, A[C>A]A, T[C>T]T, G[T>G]G, C[T>A]T"
1,30,loh,logistic_l1,16,14,"TP53, ID3, NF2, NRAS, EPHA6, ZAN, CREBBP, ZBTB21, SIN3A, PITX1, IQUB, RB1, BRAF, KRAS, ARID1A, USP9X","T[C>T]G, A[C>T]G, T[C>A]C, G[C>A]T, C[C>T]G, G[T>A]G, A[C>A]A, T[C>T]T, G[T>G]G, C[T>A]T, A[C>G]C, T[C>T]A, A[T>C]G, C[T>C]A"
2,10,loh,logistic_l1,3,7,"TP53, ID3, NF2","A[C>T]G, C[C>T]G, G[C>A]T, T[C>T]G, T[C>A]C, A[C>A]A, G[T>G]G"
2,20,loh,logistic_l1,9,11,"TP53, ID3, NF2, NLRP7, EPHA6, PITX1, MKI67, ASPM, CDH22","A[C>T]G, C[C>T]G, G[C>A]T, T[C>T]G, T[C>A]C, A[C>A]A, G[T>G]G, T[C>G]A, A[T>C]G, G[T>A]G, C[T>C]A"
2,30,loh,logistic_l1,18,12,"TP53, ID3, NF2, NLRP7, EPHA6, PITX1, MKI67, ASPM, CDH22, ARID1A, MUC19, NRAS, RASA1, KIF5A, PITRM1, MMUT, PCNX3, SPATA31H1","A[C>T]G, C[C>T]G, G[C>A]T, T[C>T]G, T[C>A]C, A[C>A]A, G[T>G]G, T[C>G]A, A[T>C]G, G[T>A]G, C[T>C]A, T[C>G]C"
3,10,loh,logistic_l1,4,6,"TP53, SMAD4, NF2, ID3","T[C>A]C, T[C>T]G, C[C>T]G, A[C>A]A, G[C>A]T, A[C>T]G"
3,20,loh,logistic_l1,11,9,"TP53, SMAD4, NF2, ID3, NLRP7, CREBBP, NRAS, PHF20L1, DNAH2, ZMYM3, CSF2RB","T[C>A]C, T[C>T]G, C[C>T]G, A[C>A]A, G[C>A]T, A[C>T]G, G[T>G]G, T[C>G]C, T[C>G]A"
3,30,loh,logistic_l1,19,11,"TP53, SMAD4, NF2, ID3, NLRP7, CREBBP, NRAS, PHF20L1, DNAH2, ZMYM3, CSF2RB, PITX1, FES, USP9X, PITRM1, DLG2, BRAF, ARID1A, FANCG","T[C>A]C, T[C>T]G, C[C>T]G, A[C>A]A, G[C>A]T, A[C>T]G, G[T>G]G, T[C>G]C, T[C>G]A, A[T>C]G, C[T>C]T"
4,10,loh,logistic_l1,3,7,"TP53, ARID1A, BRAF","G[T>A]G, T[C>A]C, T[C>T]A, C[C>T]G, T[C>G]A, A[C>A]A, A[C>T]G"
4,20,loh,logistic_l1,10,10,"TP53, ARID1A, BRAF, ID3, NF2, EPHA6, KRAS, NRAS, CREBBP, HERC1","G[T>A]G, T[C>A]C, T[C>T]A, C[C>T]G, T[C>G]A, A[C>A]A, A[C>T]G, T[C>G]C, T[C>T]G, G[C>A]T"
4,30,loh,logistic_l1,19,11,"TP53, ARID1A, BRAF, ID3, NF2, EPHA6, KRAS, NRAS, CREBBP, HERC1, PLXNB2, PITX1, MUC19, USP9X, CACNA1A, SCAF4, RB1, ZAN, PKD1","G[T>A]G, T[C>A]C, T[C>T]A, C[C>T]G, T[C>G]A, A[C>A]A, A[C>T]G, T[C>G]C, T[C>T]G, G[C>A]T, A[C>G]C"
0,10,wgd,random_forest,1,9,TP53,"T[C>G]A, T[C>T]A, C[C>G]T, T[C>T]T, C[T>A]T, T[C>A]C, C[T>C]G, T[C>T]C, T[C>G]C"
0,20,wgd,random_forest,2,18,"TP53, TP53","T[C>G]A, T[C>T]A, C[C>G]T, T[C>T]T, C[T>A]T, T[C>A]C, C[T>C]G, T[C>T]C, T[C>G]C, G[C>T]C, T[C>A]A, G[T>C]G, G[C>T]T, C[C>A]T, A[C>T]T, T[C>G]T, G[C>T]A, A[C>A]G"
0,30,wgd,random_forest,2,28,"TP53, TP53","T[C>G]A, T[C>T]A, C[C>G]T, T[C>T]T, C[T>A]T, T[C>A]C, C[T>C]G, T[C>T]C, T[C>G]C, G[C>T]C, T[C>A]A, G[T>C]G, G[C>T]T, C[C>A]T, A[C>T]T, T[C>G]T, G[C>T]A, A[C>A]G, A[C>T]A, A[C>T]G, C[C>A]A, T[C>A]T, G[T>G]G, C[T>C]C, A[C>A]A, G[T>C]C, G[T>C]A, G[C>T]G"
1,10,wgd,random_forest,2,8,"TP53, TP53","T[C>G]A, T[C>A]C, T[C>T]A, C[C>G]T, C[T>C]G, T[C>T]C, T[C>G]C, G[C>T]C"
1,20,wgd,random_forest,2,18,"TP53, TP53","T[C>G]A, T[C>A]C, T[C>T]A, C[C>G]T, C[T>C]G, T[C>T]C, T[C>G]C, G[C>T]C, T[C>G]T, A[C>T]A, C[C>A]A, T[C>T]T, G[C>T]T, T[C>A]A, A[C>T]G, T[C>A]T, C[C>T]G, G[T>C]A"
1,30,wgd,random_forest,2,28,"TP53, TP53","T[C>G]A, T[C>A]C, T[C>T]A, C[C>G]T, C[T>C]G, T[C>T]C, T[C>G]C, G[C>T]C, T[C>G]T, A[C>T]A, C[C>A]A, T[C>T]T, G[C>T]T, T[C>A]A, A[C>T]G, T[C>A]T, C[C>T]G, G[T>C]A, T[C>A]G, C[T>C]C, A[C>A]A, C[T>A]T, A[C>G]C, G[T>C]G, C[C>T]A, G[C>T]A, G[C>T]G, C[C>A]T"
2,10,wgd,random_forest,2,8,"TP53, TP53","T[C>G]A, T[C>A]C, T[C>T]A, C[C>G]T, C[T>C]G, G[T>C]G, G[C>T]C, T[C>G]C"
2,20,wgd,random_forest,2,18,"TP53, TP53","T[C>G]A, T[C>A]C, T[C>T]A, C[C>G]T, C[T>C]G, G[T>C]G, G[C>T]C, T[C>G]C, C[T>A]T, T[C>T]T, C[T>C]C, T[C>T]C, C[C>A]A, T[C>A]G, G[C>T]T, A[C>G]C, A[C>T]A, T[C>G]T"
2,30,wgd,random_forest,2,28,"TP53, TP53","T[C>G]A, T[C>A]C, T[C>T]A, C[C>G]T, C[T>C]G, G[T>C]G, G[C>T]C, T[C>G]C, C[T>A]T, T[C>T]T, C[T>C]C, T[C>T]C, C[C>A]A, T[C>A]G, G[C>T]T, A[C>G]C, A[C>T]A, T[C>G]T, G[C>T]A, G[T>C]A, G[T>G]G, A[T>C]C, A[C>A]G, G[T>A]G, T[C>A]A, G[C>T]G, C[C>T]G, A[C>T]G"
3,10,wgd,random_forest,1,9,TP53,"T[C>A]C, T[C>T]A, T[C>G]A, C[T>C]G, G[C>T]C, G[T>C]G, T[C>T]C, T[C>A]A, T[C>T]T"
3,20,wgd,random_forest,1,19,TP53,"T[C>A]C, T[C>T]A, T[C>G]A, C[T>C]G, G[C>T]C, G[T>C]G, T[C>T]C, T[C>A]A, T[C>T]T, C[C>A]A, C[C>G]T, C[C>T]G, C[T>A]T, T[C>G]C, T[C>G]T, G[C>T]T, A[C>T]G, C[T>C]C, A[T>C]G"
3,30,wgd,random_forest,1,29,TP53,"T[C>A]C, T[C>T]A, T[C>G]A, C[T>C]G, G[C>T]C, G[T>C]G, T[C>T]C, T[C>A]A, T[C>T]T, C[C>A]A, C[C>G]T, C[C>T]G, C[T>A]T, T[C>G]C, T[C>G]T, G[C>T]T, A[C>T]G, C[T>C]C, A[T>C]G, A[C>A]A, A[C>T]T, T[C>A]T, T[T>C]G, G[C>T]G, A[C>T]A, G[T>C]A, C[C>T]T, C[C>T]A, A[C>A]C"
4,10,wgd,random_forest,2,8,"TP53, TP53","T[C>G]A, T[C>T]A, T[C>A]C, G[C>T]C, T[C>A]A, C[T>C]G, T[C>G]T, T[C>G]C"
4,20,wgd,random_forest,2,18,"TP53, TP53","T[C>G]A, T[C>T]A, T[C>A]C, G[C>T]C, T[C>A]A, C[T>C]G, T[C>G]T, T[C>G]C, A[C>A]G, T[C>T]T, C[C>A]A, C[T>A]T, G[T>C]G, C[C>G]T, A[C>A]A, T[C>A]T, A[C>T]G, G[C>T]G"
4,30,wgd,random_forest,2,28,"TP53, TP53","T[C>G]A, T[C>T]A, T[C>A]C, G[C>T]C, T[C>A]A, C[T>C]G, T[C>G]T, T[C>G]C, A[C>A]G, T[C>T]T, C[C>A]A, C[T>A]T, G[T>C]G, C[C>G]T, A[C>A]A, T[C>A]T, A[C>T]G, G[C>T]G, A[C>T]T, G[T>C]A, G[T>C]T, G[T>A]G, A[C>T]A, C[C>T]A, A[C>G]A, G[T>G]G, T[C>T]C, C[T>C]C"
0,10,cin,random_forest,1,9,TP53,"T[C>A]C, C[T>A]T, T[C>G]A, T[C>T]A, T[C>G]C, T[C>G]T, C[C>G]T, C[T>C]G, G[T>A]G"
0,20,cin,random_forest,1,19,TP53,"T[C>A]C, C[T>A]T, T[C>G]A, T[C>T]A, T[C>G]C, T[C>G]T, C[C>G]T, C[T>C]G, G[T>A]G, A[C>T]T, T[C>A]A, G[C>T]T, T[C>T]C, G[C>T]C, A[C>A]A, C[C>T]A, T[C>T]T, A[T>C]G, G[C>T]A"
0,30,cin,random_forest,1,29,TP53,"T[C>A]C, C[T>A]T, T[C>G]A, T[C>T]A, T[C>G]C, T[C>G]T, C[C>G]T, C[T>C]G, G[T>A]G, A[C>T]T, T[C>A]A, G[C>T]T, T[C>T]C, G[C>T]C, A[C>A]A, C[C>T]A, T[C>T]T, A[T>C]G, G[C>T]A, G[C>A]A, G[T>C]G, A[C>G]C, T[C>G]G, A[C>T]G, A[C>T]A, C[C>T]C, C[C>A]A, C[T>A]C, C[C>T]G"
1,10,cin,random_forest,0,10,,"T[C>A]C, T[C>G]A, T[C>G]C, T[C>G]T, T[C>T]A, T[C>A]A, A[C>T]T, C[T>C]G, C[C>G]T, G[C>T]C"
1,20,cin,random_forest,0,20,,"T[C>A]C, T[C>G]A, T[C>G]C, T[C>G]T, T[C>T]A, T[C>A]A, A[C>T]T, C[T>C]G, C[C>G]T, G[C>T]C, G[C>A]A, G[C>T]A, A[C>A]A, C[C>T]G, G[C>T]T, A[C>A]T, T[C>T]C, T[C>T]T, G[T>C]G, C[C>A]A"
1,30,cin,random_forest,1,29,TP53,"T[C>A]C, T[C>G]A, T[C>G]C, T[C>G]T, T[C>T]A, T[C>A]A, A[C>T]T, C[T>C]G, C[C>G]T, G[C>T]C, G[C>A]A, G[C>T]A, A[C>A]A, C[C>T]G, G[C>T]T, A[C>A]T, T[C>T]C, T[C>T]T, G[T>C]G, C[C>A]A, C[T>A]T, C[C>T]C, G[C>T]G, C[T>A]C, A[C>T]G, A[T>C]G, A[C>T]A, C[C>A]T, C[C>T]A"
2,10,cin,random_forest,1,9,TP53,"T[C>G]A, T[C>A]C, T[C>T]A, T[C>G]C, T[C>A]A, C[T>C]G, G[C>T]C, A[C>G]C, C[C>G]T"
2,20,cin,random_forest,1,19,TP53,"T[C>G]A, T[C>A]C, T[C>T]A, T[C>G]C, T[C>A]A, C[T>C]G, G[C>T]C, A[C>G]C, C[C>G]T, G[C>A]A, T[C>T]C, C[T>A]T, T[C>G]T, A[T>C]G, C[C>T]A, C[C>T]G, T[C>T]T, C[C>A]T, A[C>T]T"
2,30,cin,random_forest,1,29,TP53,"T[C>G]A, T[C>A]C, T[C>T]A, T[C>G]C, T[C>A]A, C[T>C]G, G[C>T]C, A[C>G]C, C[C>G]T, G[C>A]A, T[C>T]C, C[T>A]T, T[C>G]T, A[T>C]G, C[C>T]A, C[C>T]G, T[C>T]T, C[C>A]T, A[C>T]T, A[C>T]G, A[C>A]C, G[C>T]G, C[C>A]A, G[T>C]G, A[C>A]A, C[T>C]C, C[C>T]C, G[C>T]A, A[C>T]A"
3,10,cin,random_forest,1,9,TP53,"T[C>T]A, T[C>G]A, T[C>A]C, A[C>T]T, T[C>G]C, T[C>A]A, C[C>G]T, G[C>T]C, G[C>T]T"
3,20,cin,random_forest,1,19,TP53,"T[C>T]A, T[C>G]A, T[C>A]C, A[C>T]T, T[C>G]C, T[C>A]A, C[C>G]T, G[C>T]C, G[C>T]T, C[T>A]T, T[C>G]T, G[T>A]G, C[T>C]G, A[C>A]A, G[T>C]G, C[C>T]A, T[C>T]T, C[T>A]C, T[C>T]C"
3,30,cin,random_forest,1,29,TP53,"T[C>T]A, T[C>G]A, T[C>A]C, A[C>T]T, T[C>G]C, T[C>A]A, C[C>G]T, G[C>T]C, G[C>T]T, C[T>A]T, T[C>G]T, G[T>A]G, C[T>C]G, A[C>A]A, G[T>C]G, C[C>T]A, T[C>T]T, C[T>A]C, T[C>T]C, G[C>T]A, A[C>G]C, C[C>T]G, A[T>C]G, T[C>G]G, G[C>A]A, G[T>C]A, T[T>A]T, A[C>G]T, A[C>A]T"
4,10,cin,random_forest,1,9,TP53,"T[C>A]C, T[C>G]A, T[C>A]A, T[C>G]C, T[C>G]T, T[C>T]A, C[C>G]T, C[T>C]G, T[C>T]T"
4,20,cin,random_forest,1,19,TP53,"T[C>A]C, T[C>G]A, T[C>A]A, T[C>G]C, T[C>G]T, T[C>T]A, C[C>G]T, C[T>C]G, T[C>T]T, G[T>A]G, C[T>A]T, A[T>C]G, G[C>T]A, A[C>A]A, A[C>G]C, A[C>T]T, C[T>A]C, T[C>T]C, C[C>A]A"
4,30,cin,random_forest,1,29,TP53,"T[C>A]C, T[C>G]A, T[C>A]A, T[C>G]C, T[C>G]T, T[C>T]A, C[C>G]T, C[T>C]G, T[C>T]T, G[T>A]G, C[T>A]T, A[T>C]G, G[C>T]A, A[C>A]A, A[C>G]C, A[C>T]T, C[T>A]C, T[C>T]C, C[C>A]A, T[C>G]G, A[C>A]T, G[C>T]C, G[T>C]G, C[C>A]T, A[C>A]G, C[C>T]A, A[C>A]C, A[C>T]A, G[C>T]G"
0,10,loh,random_forest,1,9,TP53,"T[C>G]A, T[C>A]C, T[C>G]C, A[C>T]G, T[C>T]A, T[C>G]T, G[C>T]C, T[C>T]T, G[T>A]G"
0,20,loh,random_forest,1,19,TP53,"T[C>G]A, T[C>A]C, T[C>G]C, A[C>T]G, T[C>T]A, T[C>G]T, G[C>T]C, T[C>T]T, G[T>A]G, C[C>T]A, G[C>T]A, A[T>C]G, G[C>A]A, G[C>T]G, T[C>A]T, A[C>T]A, T[C>T]G, C[C>T]G, C[T>C]G"
0,30,loh,random_forest,1,29,TP53,"T[C>G]A, T[C>A]C, T[C>G]C, A[C>T]G, T[C>T]A, T[C>G]T, G[C>T]C, T[C>T]T, G[T>A]G, C[C>T]A, G[C>T]A, A[T>C]G, G[C>A]A, G[C>T]G, T[C>A]T, A[C>T]A, T[C>T]G, C[C>T]G, C[T>C]G, A[C>A]C, T[C>A]A, C[C>G]T, A[C>G]C, T[C>T]C, G[C>T]T, A[C>A]A, A[C>T]C, C[C>A]A, C[C>T]C"
1,10,loh,random_forest,1,9,TP53,"T[C>A]C, T[C>G]T, T[C>T]A, T[C>G]A, T[C>G]C, T[C>T]T, G[C>T]C, A[T>C]G, A[C>T]G"
1,20,loh,random_forest,1,19,TP53,"T[C>A]C, T[C>G]T, T[C>T]A, T[C>G]A, T[C>G]C, T[C>T]T, G[C>T]C, A[T>C]G, A[C>T]G, T[C>A]T, C[T>A]T, A[C>A]A, C[C>T]G, G[C>T]A, C[T>C]G, G[C>A]A, T[C>T]G, C[C>G]T, G[C>T]G"
1,30,loh,random_forest,1,29,TP53,"T[C>A]C, T[C>G]T, T[C>T]A, T[C>G]A, T[C>G]C, T[C>T]T, G[C>T]C, A[T>C]G, A[C>T]G, T[C>A]T, C[T>A]T, A[C>A]A, C[C>T]G, G[C>T]A, C[T>C]G, G[C>A]A, T[C>T]G, C[C>G]T, G[C>T]G, A[C>G]C, T[C>T]C, G[T>A]G, G[C>T]T, G[C>A]T, T[C>A]A, A[T>C]C, A[C>T]A, G[T>C]A, C[C>T]C"
2,10,loh,random_forest,1,9,TP53,"T[C>G]A, T[C>G]C, T[C>T]A, T[C>A]C, G[C>T]C, A[C>T]G, T[C>G]T, C[C>T]G, G[C>A]A"
2,20,loh,random_forest,1,19,TP53,"T[C>G]A, T[C>G]C, T[C>T]A, T[C>A]C, G[C>T]C, A[C>T]G, T[C>G]T, C[C>T]G, G[C>A]A, A[T>C]G, T[C>A]A, T[C>A]T, A[C>T]A, A[C>A]C, C[T>C]G, A[C>A]A, G[C>T]A, G[C>T]G, C[C>G]T"
2,30,loh,random_forest,1,29,TP53,"T[C>G]A, T[C>G]C, T[C>T]A, T[C>A]C, G[C>T]C, A[C>T]G, T[C>G]T, C[C>T]G, G[C>A]A, A[T>C]G, T[C>A]A, T[C>A]T, A[C>T]A, A[C>A]C, C[T>C]G, A[C>A]A, G[C>T]A, G[C>T]G, C[C>G]T, T[C>T]C, G[C>T]T, T[C>T]T, C[T>A]T, A[C>G]C, T[C>T]G, A[C>T]C, G[C>A]T, C[C>T]A, G[T>C]G"
3,10,loh,random_forest,1,9,TP53,"T[C>A]C, T[C>G]A, T[C>G]C, T[C>G]T, T[C>T]A, A[C>T]G, A[T>C]G, A[C>A]C, T[C>T]T"
3,20,loh,random_forest,1,19,TP53,"T[C>A]C, T[C>G]A, T[C>G]C, T[C>G]T, T[C>T]A, A[C>T]G, A[T>C]G, A[C>A]C, T[C>T]T, G[C>A]A, C[C>G]T, G[T>A]G, G[C>T]C, C[C>T]G, C[C>T]A, C[T>A]T, T[C>A]A, C[T>C]G, A[C>A]A"
3,30,loh,random_forest,2,28,"TP53, TP53","T[C>A]C, T[C>G]A, T[C>G]C, T[C>G]T, T[C>T]A, A[C>T]G, A[T>C]G, A[C>A]C, T[C>T]T, G[C>A]A, C[C>G]T, G[T>A]G, G[C>T]C, C[C>T]G, C[C>T]A, C[T>A]T, T[C>A]A, C[T>C]G, A[C>A]A, T[C>G]G, T[C>T]G, T[C>A]T, A[C>T]C, T[T>A]C, A[C>T]A, T[C>T]C, C[T>A]A, G[C>A]C"
4,10,loh,random_forest,1,9,TP53,"T[C>T]A, T[C>G]C, T[C>G]A, T[C>A]C, T[C>G]T, G[T>A]G, A[C>T]G, G[C>T]C, G[C>T]G"
4,20,loh,random_forest,1,19,TP53,"T[C>T]A, T[C>G]C, T[C>G]A, T[C>A]C, T[C>G]T, G[T>A]G, A[C>T]G, G[C>T]C, G[C>T]G, C[C>T]G, T[C>T]T, A[C>A]A, A[C>T]A, A[C>T]C, T[C>A]T, A[T>C]G, C[T>C]G, G[C>T]T, G[C>A]A"
4,30,loh,random_forest,1,29,TP53,"T[C>T]A, T[C>G]C, T[C>G]A, T[C>A]C, T[C>G]T, G[T>A]G, A[C>T]G, G[C>T]C, G[C>T]G, C[C>T]G, T[C>T]T, A[C>A]A, A[C>T]A, A[C>T]C, T[C>A]T, A[T>C]G, C[T>C]G, G[C>T]T, G[C>A]A, T[C>G]G, G[C>A]T, C[C>T]A, A[C>A]C, T[C>T]G, T[C>A]A, A[C>G]C, T[C>T]C, G[C>T]A, C[C>G]T"
