feature,mutated_and_positive,mutated_and_negative,unmutated_and_positive,unmutated_and_negative,test,odds_ratio,odds_ratio_ci_low,odds_ratio_ci_high,p_value,fdr_q_value
TP53 (7157)_damaging,584,359,232,456,Chi-square,3.1973873787340312,2.5995090416775013,3.920266203075607,2.2557822613648988e-29,1.3918176552621426e-26
TP53 (7157)_hotspot,464,298,352,517,Chi-square,2.2869127516778525,1.8729243704428713,2.7865381328927956,2.1162357790918533e-16,6.528587378498367e-14
PDS5B (23047)_damaging,5,38,811,777,Chi-square,0.12606269063534298,0.05571199218531277,0.3362629189122035,3.321830179663907e-07,6.831897402842102e-05
TERT (7015)_hotspot,155,87,661,728,Chi-square,1.9621959065852852,1.4757867489330188,2.5954967496295707,2.285593219602926e-06,0.0003525527541237513
RPL22 (6146)_damaging,3,28,813,787,Chi-square,0.10371639430680021,0.03900477116407264,0.36233863570260205,5.709540955168065e-06,0.0007045573538677392
RB1 (5925)_damaging,85,39,731,776,Chi-square,2.3136553369111508,1.5551142649942915,3.3949234981858805,1.7834156582862953e-05,0.001515282289418438
RAD50 (10111)_damaging,4,28,812,787,Chi-square,0.1384588318085855,0.05635282621910433,0.4155985191263414,1.7997531745418524e-05,0.001515282289418438
ID3 (3399)_damaging,0,18,816,797,Chi-square,0.0,0.0015880891887659644,0.4388040910890837,1.9647096135085095e-05,0.001515282289418438
CREBBP (1387)_damaging,21,57,795,758,Chi-square,0.3512744124462099,0.2150865464628228,0.5909609529881037,2.8786771221057826e-05,0.0018232024173978154
MSH3 (4437)_damaging,8,35,808,780,Chi-square,0.22065063649222066,0.10865361661948986,0.49172549354784134,2.9549471918927318e-05,0.0018232024173978154
BRSK1 (84446)_damaging,1,19,815,796,Chi-square,0.05140458508233774,0.0142337998403782,0.3965665421863692,5.065394801025052e-05,0.0026506590614495686
ASXL1 (171023)_damaging,5,28,811,787,Chi-square,0.17328694733133698,0.07477581158138882,0.46902781666740867,5.1552526316685286e-05,0.0026506590614495686
ACVR2A (92)_damaging,6,29,810,786,Chi-square,0.20076628352490422,0.0909402887819978,0.5027102818827716,8.362229068988021e-05,0.0039688425658196995
DDX27 (55661)_damaging,2,20,814,795,Chi-square,0.09766584766584767,0.031924137614154954,0.4443767329117513,0.00011033791937286527,0.004862749732361276
PTPRS (5802)_damaging,1,17,815,798,Chi-square,0.05759653554673403,0.015793386705339016,0.4459981544700141,0.00014774080634414328,0.006077071834289093
KIF7 (374654)_damaging,2,19,814,796,Chi-square,0.10293547135652399,0.03348129849672462,0.46945923293501735,0.00018648961708709932,0.007191505858921267
ATR (545)_damaging,5,25,811,790,Chi-square,0.19482120838471023,0.08317411212372057,0.5307421077364729,0.00022520232690931147,0.008173519747237951
SCAF4 (57466)_damaging,2,18,814,797,Chi-square,0.10879060879060878,0.03519348975910484,0.4974545796796951,0.0003150406014372209,0.010798891727042516
MLH3 (27030)_damaging,3,20,813,795,Chi-square,0.1466789667896679,0.05351365452257786,0.5208695980867302,0.0003529576660810742,0.011366146646826022
CTCF (10664)_damaging,4,22,812,793,Chi-square,0.17756381549484998,0.07065430149768964,0.5399686016278252,0.000368432630367132,0.011366146646826022
JARID2 (3720)_damaging,3,19,813,796,Chi-square,0.1545931248786172,0.056091869743278885,0.5505837568927803,0.0005874376920130806,0.017053618357680503
RB1 (5925)_hotspot,23,5,793,810,Chi-square,4.6986128625472885,1.7158257601592197,11.10067372808545,0.0006080706707762901,0.017053618357680503
BRAF (673)_hotspot,87,49,729,766,Chi-square,1.8656252624506593,1.2918980510647056,2.670245494987295,0.0006838051729713818,0.018343817031449678
KMT2B (9757)_damaging,30,61,786,754,Chi-square,0.47178075334751596,0.30474996136427956,0.7427229131883779,0.0008071296205712411,0.02036407814070743
PITX1 (5307)_damaging,5,22,811,793,Chi-square,0.22222844972536712,0.09360852537049087,0.6103258334104299,0.0009590039587040485,0.02036407814070743
CCDC73 (493860)_damaging,3,18,813,797,Chi-square,0.16338663386633867,0.058923441918192154,0.5837821252939441,0.0009759305165688839,0.02036407814070743
ZNF609 (23060)_damaging,3,18,813,797,Chi-square,0.16338663386633867,0.058923441918192154,0.5837821252939441,0.0009759305165688839,0.02036407814070743
SIN3A (25942)_damaging,3,18,813,797,Chi-square,0.16338663386633867,0.058923441918192154,0.5837821252939441,0.0009759305165688839,0.02036407814070743
PHF20L1 (51105)_damaging,3,18,813,797,Chi-square,0.16338663386633867,0.058923441918192154,0.5837821252939441,0.0009759305165688839,0.02036407814070743
ZNF518A (9849)_damaging,4,20,812,795,Chi-square,0.1958128078817734,0.07711168095056438,0.5990054361104674,0.000990149666484964,0.02036407814070743
KMT2D (8085)_damaging,48,84,768,731,Chi-square,0.5438988095238095,0.3783832671118518,0.788822071489394,0.00105364135880675,0.020970861883347253
TGFBR2 (7048)_damaging,8,27,808,788,Chi-square,0.288962229556289,0.1388189378984235,0.6545865738731307,0.0011529249047490051,0.022229833319691757
NUP214 (8021)_damaging,6,23,810,792,Chi-square,0.25507246376811593,0.11284152324026073,0.6482082469405741,0.001429647016142444,0.02321764650005922
NRIP1 (8204)_damaging,2,15,814,800,Chi-square,0.13104013104013104,0.04153203209777338,0.6050258566404211,0.0015135845254509927,0.02321764650005922
MAP7D1 (55700)_damaging,2,15,814,800,Chi-square,0.13104013104013104,0.04153203209777338,0.6050258566404211,0.0015135845254509927,0.02321764650005922
SLFN11 (91607)_damaging,5,21,811,794,Chi-square,0.2331043391462627,0.09767253442865473,0.6422243337684842,0.001543788089300354,0.02321764650005922
ZNF106 (64397)_damaging,5,21,811,794,Chi-square,0.2331043391462627,0.09767253442865473,0.6422243337684842,0.001543788089300354,0.02321764650005922
SYNE2 (23224)_damaging,9,28,807,787,Chi-square,0.31346255974508763,0.15497252483871019,0.6818971020712892,0.001559388565433327,0.02321764650005922
ZMYM3 (9203)_damaging,4,19,812,796,Chi-square,0.20637801400051853,0.08078952519523672,0.6334692965563549,0.0016161986661326522,0.02321764650005922
LARP1 (23367)_damaging,3,17,813,798,Chi-square,0.1732146733232038,0.0620476120565387,0.6211116077185269,0.0016180855745584223,0.02321764650005922
WDTC1 (23038)_damaging,3,17,813,798,Chi-square,0.1732146733232038,0.0620476120565387,0.6211116077185269,0.0016180855745584223,0.02321764650005922
PPRC1 (23082)_damaging,3,17,813,798,Chi-square,0.1732146733232038,0.0620476120565387,0.6211116077185269,0.0016180855745584223,0.02321764650005922
KNOP1 (400506)_damaging,3,17,813,798,Chi-square,0.1732146733232038,0.0620476120565387,0.6211116077185269,0.0016180855745584223,0.02321764650005922
SVIL (6840)_damaging,7,24,809,791,Chi-square,0.28517717346518334,0.1313307379958208,0.6821691975836581,0.002027500111392024,0.02843108110747452
UBR5 (51366)_damaging,6,22,810,793,Chi-square,0.267003367003367,0.1175175817574417,0.680685743640357,0.0022635268296551,0.031035467864382146
SPAG17 (200162)_damaging,5,20,811,795,Chi-square,0.24506781750924783,0.10209388243605763,0.6775186538941017,0.002475258384013087,0.03238259549679033
PMS2 (5395)_damaging,4,18,812,797,Chi-square,0.21811713191023535,0.08482502634240721,0.6720045471134923,0.002629363760830609,0.03238259549679033
NF1 (4763)_hotspot,3,16,813,799,Chi-square,0.1842712177121771,0.06551215555909828,0.6633887961845736,0.0026766813133489577,0.03238259549679033
CDC42BPA (8476)_damaging,3,16,813,799,Chi-square,0.1842712177121771,0.06551215555909828,0.6633887961845736,0.0026766813133489577,0.03238259549679033
TOP2A (7153)_damaging,3,16,813,799,Chi-square,0.1842712177121771,0.06551215555909828,0.6633887961845736,0.0026766813133489577,0.03238259549679033
ARID4A (5926)_damaging,3,16,813,799,Chi-square,0.1842712177121771,0.06551215555909828,0.6633887961845736,0.0026766813133489577,0.03238259549679033
INPPL1 (3636)_damaging,6,21,810,794,Chi-square,0.2800705467372134,0.12258488727958318,0.7164644169493423,0.003566478690551985,0.04151919532208632
CPLANE1 (65250)_damaging,6,21,810,794,Chi-square,0.2800705467372134,0.12258488727958318,0.7164644169493423,0.003566478690551985,0.04151919532208632
BCL9L (283149)_damaging,5,19,811,796,Chi-square,0.2582906093841262,0.10692187445586225,0.7167770713168621,0.003951281617574533,0.044670490969665966
PRRC2A (7916)_damaging,4,17,812,798,Chi-square,0.23123732251521298,0.08927299690729708,0.7153719667684502,0.004261831168450649,0.044670490969665966
GPR179 (440435)_damaging,4,17,812,798,Chi-square,0.23123732251521298,0.08927299690729708,0.7153719667684502,0.004261831168450649,0.044670490969665966
TNRC6C (57690)_damaging,4,17,812,798,Chi-square,0.23123732251521298,0.08927299690729708,0.7153719667684502,0.004261831168450649,0.044670490969665966
RERE (473)_damaging,3,15,813,800,Chi-square,0.1968019680196802,0.06937583151885515,0.7116591684532334,0.004416369447568272,0.044670490969665966
CAMSAP2 (23271)_damaging,3,15,813,800,Chi-square,0.1968019680196802,0.06937583151885515,0.7116591684532334,0.004416369447568272,0.044670490969665966
ATAD5 (79915)_damaging,3,15,813,800,Chi-square,0.1968019680196802,0.06937583151885515,0.7116591684532334,0.004416369447568272,0.044670490969665966
ATXN2L (11273)_damaging,3,15,813,800,Chi-square,0.1968019680196802,0.06937583151885515,0.7116591684532334,0.004416369447568272,0.044670490969665966
NFE2L2 (4780)_hotspot,22,7,794,808,Chi-square,3.1982727599856062,1.3282886444118378,7.016528522492724,0.004997459747008232,0.0497327849016787
FBXW7 (55294)_damaging,19,40,797,775,Chi-square,0.4618883312421581,0.27034129221391523,0.8108658527800403,0.005277360661777253,0.051684627433596274
SMAD4 (4089)_hotspot,20,6,796,809,Chi-square,3.3877721943048575,1.3193383990239402,7.787300828034914,0.005698839910747666,0.05475979174481065
NRAS (4893)_hotspot,31,56,785,759,Chi-square,0.5352365787079163,0.3447237676395982,0.8429778472528895,0.005768859746211819,0.05475979174481065
LMTK3 (114783)_damaging,5,18,811,797,Chi-square,0.2729826003562132,0.11221532222868655,0.7607011913789439,0.006276670093831736,0.05780157384916688
B4GALNT4 (338707)_damaging,5,18,811,797,Chi-square,0.2729826003562132,0.11221532222868655,0.7607011913789439,0.006276670093831736,0.05780157384916688
MBD6 (114785)_damaging,8,23,808,792,Chi-square,0.340938441670254,0.16081394915643105,0.7816582266235373,0.006459414618789882,0.058609688526372904
GNA13 (10672)_damaging,4,16,812,799,Chi-square,0.2459975369458128,0.09420004264412837,0.7645330012682656,0.006879004225240718,0.059766642525585376
SETD1B (23067)_damaging,4,16,812,799,Chi-square,0.2459975369458128,0.09420004264412837,0.7645330012682656,0.006879004225240718,0.059766642525585376
TYRO3 (7301)_damaging,30,54,786,761,Chi-square,0.5378852134577325,0.3440192262997084,0.8534268864105528,0.007048608509926621,0.059766642525585376
HIVEP2 (3097)_damaging,3,14,813,801,Chi-square,0.21112282551396944,0.07371172471871257,0.7672827774270918,0.007264988961781042,0.059766642525585376
BLM (641)_damaging,3,14,813,801,Chi-square,0.21112282551396944,0.07371172471871257,0.7672827774270918,0.007264988961781042,0.059766642525585376
ZC3H18 (124245)_damaging,3,14,813,801,Chi-square,0.21112282551396944,0.07371172471871257,0.7672827774270918,0.007264988961781042,0.059766642525585376
PRR12 (57479)_damaging,3,14,813,801,Chi-square,0.21112282551396944,0.07371172471871257,0.7672827774270918,0.007264988961781042,0.059766642525585376
B2M (567)_damaging,6,19,810,796,Chi-square,0.31033138401559457,0.13410774276773582,0.800145854836733,0.008709576449219835,0.06889498293805947
ZBTB20 (26137)_damaging,6,19,810,796,Chi-square,0.31033138401559457,0.13410774276773582,0.800145854836733,0.008709576449219835,0.06889498293805947
TP53BP1 (7158)_damaging,6,19,810,796,Chi-square,0.31033138401559457,0.13410774276773582,0.800145854836733,0.008709576449219835,0.06889498293805947
CFAP54 (144535)_damaging,8,22,808,793,Chi-square,0.3568856885688569,0.16740506060782812,0.8211794005050397,0.009787001632834991,0.07553497433060727
LTN1 (26046)_damaging,5,17,811,798,Chi-square,0.2894030608544281,0.11804495015618924,0.8101672084331509,0.009916260811635639,0.07553497433060727
ARHGAP35 (2909)_damaging,5,17,811,798,Chi-square,0.2894030608544281,0.11804495015618924,0.8101672084331509,0.009916260811635639,0.07553497433060727
MSH6 (2956)_damaging,12,28,804,787,Chi-square,0.4195095948827292,0.21922106059590432,0.8408084342619132,0.010307087929911782,0.07575892455429223
TNRC6A (27327)_damaging,4,15,812,800,Chi-square,0.2627257799671593,0.09968790984325175,0.8207201084185437,0.011050734537903242,0.07575892455429223
PDZD2 (23037)_damaging,4,15,812,800,Chi-square,0.2627257799671593,0.09968790984325175,0.8207201084185437,0.011050734537903242,0.07575892455429223
DNAH1 (25981)_damaging,4,15,812,800,Chi-square,0.2627257799671593,0.09968790984325175,0.8207201084185437,0.011050734537903242,0.07575892455429223
CEP350 (9857)_damaging,4,15,812,800,Chi-square,0.2627257799671593,0.09968790984325175,0.8207201084185437,0.011050734537903242,0.07575892455429223
COL1A1 (1277)_damaging,4,15,812,800,Chi-square,0.2627257799671593,0.09968790984325175,0.8207201084185437,0.011050734537903242,0.07575892455429223
GOLGA4 (2803)_damaging,4,15,812,800,Chi-square,0.2627257799671593,0.09968790984325175,0.8207201084185437,0.011050734537903242,0.07575892455429223
CMYA5 (202333)_damaging,4,15,812,800,Chi-square,0.2627257799671593,0.09968790984325175,0.8207201084185437,0.011050734537903242,0.07575892455429223
SBF1 (6305)_damaging,4,15,812,800,Chi-square,0.2627257799671593,0.09968790984325175,0.8207201084185437,0.011050734537903242,0.07575892455429223
KRAS (3845)_hotspot,106,74,710,741,Chi-square,1.494975256947088,1.0905091070479616,2.041040016030483,0.011734292664164111,0.07956108322845337
FBXW7 (55294)_hotspot,9,23,807,792,Chi-square,0.3840310328107322,0.1855623163829648,0.8482720950917725,0.012313906772655639,0.08258348346444054
KMT2C (58508)_damaging,24,44,792,771,Chi-square,0.53099173553719,0.32412755555228934,0.8862770670958496,0.013038402600338348,0.08650209036998667
PLEKHA6 (22874)_damaging,6,18,810,797,Chi-square,0.3279835390946502,0.1406962281613397,0.8494858452042482,0.01348339677168866,0.08757111376980953
ADGRA2 (25960)_damaging,6,18,810,797,Chi-square,0.3279835390946502,0.1406962281613397,0.8494858452042482,0.01348339677168866,0.08757111376980953
BCORL1 (63035)_damaging,12,27,804,788,Chi-square,0.435599778883361,0.22665656320810124,0.8756642863740387,0.014890108961796197,0.09471337349926034
DOCK3 (1795)_damaging,12,27,804,788,Chi-square,0.435599778883361,0.22665656320810124,0.8756642863740387,0.014890108961796197,0.09471337349926034
USP9X (8239)_damaging,5,16,811,799,Chi-square,0.30787607891491986,0.12449657007637617,0.8662833987607704,0.015570548168376755,0.09607028219888457
ARID4B (51742)_damaging,5,16,811,799,Chi-square,0.30787607891491986,0.12449657007637617,0.8662833987607704,0.015570548168376755,0.09607028219888457
HNF1A (6927)_damaging,5,16,811,799,Chi-square,0.30787607891491986,0.12449657007637617,0.8662833987607704,0.015570548168376755,0.09607028219888457
SMAD4 (4089)_damaging,38,20,778,795,Chi-square,1.9415167095115682,1.112836917468414,3.3093701588074214,0.016308331621648603,0.09814209802438909
SYNE1 (23345)_damaging,18,35,798,780,Chi-square,0.5026852846401718,0.2878899790567747,0.9012726173210291,0.01738046050476183,0.09814209802438909
SETBP1 (26040)_damaging,7,19,809,796,Chi-square,0.36250081321969946,0.16210446911302287,0.8834788759036405,0.017523730768184916,0.09814209802438909
USP26 (83844)_damaging,4,14,812,801,Chi-square,0.28184377199155525,0.10583803864448667,0.8855387174062004,0.01765603384231311,0.09814209802438909
KDM2B (84678)_damaging,4,14,812,801,Chi-square,0.28184377199155525,0.10583803864448667,0.8855387174062004,0.01765603384231311,0.09814209802438909
CHD8 (57680)_damaging,4,14,812,801,Chi-square,0.28184377199155525,0.10583803864448667,0.8855387174062004,0.01765603384231311,0.09814209802438909
AP3B1 (8546)_damaging,4,14,812,801,Chi-square,0.28184377199155525,0.10583803864448667,0.8855387174062004,0.01765603384231311,0.09814209802438909
AXDND1 (126859)_damaging,4,14,812,801,Chi-square,0.28184377199155525,0.10583803864448667,0.8855387174062004,0.01765603384231311,0.09814209802438909
SLC4A3 (6508)_damaging,4,14,812,801,Chi-square,0.28184377199155525,0.10583803864448667,0.8855387174062004,0.01765603384231311,0.09814209802438909
ESRP1 (54845)_damaging,4,14,812,801,Chi-square,0.28184377199155525,0.10583803864448667,0.8855387174062004,0.01765603384231311,0.09814209802438909
SAMD9L (219285)_damaging,4,14,812,801,Chi-square,0.28184377199155525,0.10583803864448667,0.8855387174062004,0.01765603384231311,0.09814209802438909
BCOR (54880)_damaging,11,25,805,790,Chi-square,0.43180124223602484,0.21910230921468743,0.8940072156576006,0.018115975210235377,0.09891643101517901
CIC (23152)_damaging,11,25,805,790,Chi-square,0.43180124223602484,0.21910230921468743,0.8940072156576006,0.018115975210235377,0.09891643101517901
MUC19 (283463)_damaging,49,29,767,786,Chi-square,1.7315110371802365,1.0783479589332605,2.741878024968786,0.020603214383921008,0.11023301102444986
VCAN (1462)_damaging,6,17,810,798,Chi-square,0.3477124183006536,0.14794699908713568,0.9050826880321202,0.02072452071124179,0.11023301102444986
KDM5A (5927)_damaging,6,17,810,798,Chi-square,0.3477124183006536,0.14794699908713568,0.9050826880321202,0.02072452071124179,0.11023301102444986
KALRN (8997)_damaging,20,8,796,807,Chi-square,2.534547738693467,1.0925491377025616,5.471953445467602,0.022357724709817672,0.11790355680305559
ZFHX3 (463)_damaging,15,30,801,785,Chi-square,0.49001248439450684,0.26812254426816023,0.9251575794321873,0.023102237989864546,0.12079729525208835
ARFGEF1 (10565)_damaging,5,15,811,800,Chi-square,0.32881216605014385,0.13167532696396683,0.9304717699820556,0.02428030998621637,0.12081412307657662
TNRC6B (23112)_damaging,5,15,811,800,Chi-square,0.32881216605014385,0.13167532696396683,0.9304717699820556,0.02428030998621637,0.12081412307657662
ELOA (6924)_damaging,5,15,811,800,Chi-square,0.32881216605014385,0.13167532696396683,0.9304717699820556,0.02428030998621637,0.12081412307657662
KDM6B (23135)_damaging,5,15,811,800,Chi-square,0.32881216605014385,0.13167532696396683,0.9304717699820556,0.02428030998621637,0.12081412307657662
TMEM94 (9772)_damaging,5,15,811,800,Chi-square,0.32881216605014385,0.13167532696396683,0.9304717699820556,0.02428030998621637,0.12081412307657662
MLH1 (4292)_damaging,5,15,811,800,Chi-square,0.32881216605014385,0.13167532696396683,0.9304717699820556,0.02428030998621637,0.12081412307657662
ANK3 (288)_damaging,11,24,805,791,Chi-square,0.4503623188405797,0.22734150818965848,0.9357407098429043,0.026079093257103985,0.12354431555003698
PIK3R1 (5295)_damaging,11,24,805,791,Chi-square,0.4503623188405797,0.22734150818965848,0.9357407098429043,0.026079093257103985,0.12354431555003698
LAMA5 (3911)_damaging,11,24,805,791,Chi-square,0.4503623188405797,0.22734150818965848,0.9357407098429043,0.026079093257103985,0.12354431555003698
ROBO1 (6091)_damaging,7,18,809,797,Chi-square,0.3831204504875704,0.1700148585438606,0.9382527992896862,0.026408793845884255,0.12354431555003698
ANKIB1 (54467)_damaging,4,13,812,802,Chi-square,0.30390299355816597,0.1127778598590917,0.9611186055819256,0.02803274582983011,0.12354431555003698
PLXNB1 (5364)_damaging,4,13,812,802,Chi-square,0.30390299355816597,0.1127778598590917,0.9611186055819256,0.02803274582983011,0.12354431555003698
TPR (7175)_damaging,4,13,812,802,Chi-square,0.30390299355816597,0.1127778598590917,0.9611186055819256,0.02803274582983011,0.12354431555003698
PCNX3 (399909)_damaging,4,13,812,802,Chi-square,0.30390299355816597,0.1127778598590917,0.9611186055819256,0.02803274582983011,0.12354431555003698
ANKRD31 (256006)_damaging,4,13,812,802,Chi-square,0.30390299355816597,0.1127778598590917,0.9611186055819256,0.02803274582983011,0.12354431555003698
CHRM3 (1131)_damaging,4,13,812,802,Chi-square,0.30390299355816597,0.1127778598590917,0.9611186055819256,0.02803274582983011,0.12354431555003698
CUX2 (23316)_damaging,4,13,812,802,Chi-square,0.30390299355816597,0.1127778598590917,0.9611186055819256,0.02803274582983011,0.12354431555003698
USP28 (57646)_damaging,4,13,812,802,Chi-square,0.30390299355816597,0.1127778598590917,0.9611186055819256,0.02803274582983011,0.12354431555003698
PPP6R2 (9701)_damaging,4,13,812,802,Chi-square,0.30390299355816597,0.1127778598590917,0.9611186055819256,0.02803274582983011,0.12354431555003698
ARHGEF28 (64283)_damaging,4,13,812,802,Chi-square,0.30390299355816597,0.1127778598590917,0.9611186055819256,0.02803274582983011,0.12354431555003698
TRIO (7204)_damaging,4,13,812,802,Chi-square,0.30390299355816597,0.1127778598590917,0.9611186055819256,0.02803274582983011,0.12354431555003698
FREM2 (341640)_damaging,4,13,812,802,Chi-square,0.30390299355816597,0.1127778598590917,0.9611186055819256,0.02803274582983011,0.12354431555003698
ARID1A (8289)_damaging,49,72,767,743,Chi-square,0.6592604664638563,0.45449238485646437,0.9625270674419477,0.029251572125903142,0.1280015602956187
APOB (338)_damaging,12,25,804,790,Chi-square,0.4716417910447761,0.2430888974677076,0.9543906872604351,0.030340107371844404,0.1303084180438001
MT-ND5 (4540)_damaging,6,16,810,799,Chi-square,0.3699074074074074,0.15596527023713924,0.9681927374291217,0.03160040637464053,0.1303084180438001
ECT2L (345930)_damaging,6,16,810,799,Chi-square,0.3699074074074074,0.15596527023713924,0.9681927374291217,0.03160040637464053,0.1303084180438001
AFDN (4301)_damaging,6,16,810,799,Chi-square,0.3699074074074074,0.15596527023713924,0.9681927374291217,0.03160040637464053,0.1303084180438001
GRM8 (2918)_damaging,6,16,810,799,Chi-square,0.3699074074074074,0.15596527023713924,0.9681927374291217,0.03160040637464053,0.1303084180438001
NCOR2 (9612)_damaging,6,16,810,799,Chi-square,0.3699074074074074,0.15596527023713924,0.9681927374291217,0.03160040637464053,0.1303084180438001
BRD3 (8019)_damaging,6,16,810,799,Chi-square,0.3699074074074074,0.15596527023713924,0.9681927374291217,0.03160040637464053,0.1303084180438001
SACS (26278)_damaging,6,16,810,799,Chi-square,0.3699074074074074,0.15596527023713924,0.9681927374291217,0.03160040637464053,0.1303084180438001
MKI67 (4288)_damaging,10,22,806,793,Chi-square,0.4472140762463343,0.21927031389559257,0.9614325963440218,0.03187737212677508,0.1303084180438001
PHF3 (23469)_damaging,8,19,808,796,Chi-square,0.41479937467430955,0.19074799497721776,0.9667633075467161,0.0325243053140117,0.1303084180438001
TBC1D32 (221322)_damaging,8,19,808,796,Chi-square,0.41479937467430955,0.19074799497721776,0.9667633075467161,0.0325243053140117,0.1303084180438001
STAB1 (23166)_damaging,8,19,808,796,Chi-square,0.41479937467430955,0.19074799497721776,0.9667633075467161,0.0325243053140117,0.1303084180438001
QKI (9444)_damaging,8,19,808,796,Chi-square,0.41479937467430955,0.19074799497721776,0.9667633075467161,0.0325243053140117,0.1303084180438001
NLRC5 (84166)_damaging,5,14,811,801,Chi-square,0.35273912277611413,0.13971146101389736,1.004586517734477,0.0375656586557999,0.14318308375238328
KMT2A (4297)_damaging,5,14,811,801,Chi-square,0.35273912277611413,0.13971146101389736,1.004586517734477,0.0375656586557999,0.14318308375238328
ZC3H13 (23091)_damaging,5,14,811,801,Chi-square,0.35273912277611413,0.13971146101389736,1.004586517734477,0.0375656586557999,0.14318308375238328
DNAH2 (146754)_damaging,5,14,811,801,Chi-square,0.35273912277611413,0.13971146101389736,1.004586517734477,0.0375656586557999,0.14318308375238328
HDAC4 (9759)_damaging,5,14,811,801,Chi-square,0.35273912277611413,0.13971146101389736,1.004586517734477,0.0375656586557999,0.14318308375238328
COL5A3 (50509)_damaging,5,14,811,801,Chi-square,0.35273912277611413,0.13971146101389736,1.004586517734477,0.0375656586557999,0.14318308375238328
AJUBA (84962)_damaging,14,5,802,810,Chi-square,2.827930174563591,0.9929689407504373,7.139880077502228,0.038062016170957266,0.14318308375238328
ASPM (259266)_damaging,9,20,807,795,Chi-square,0.4433085501858736,0.2102243991494106,0.9914063004465782,0.03898112459248254,0.14318308375238328
NEB (4703)_damaging,20,35,796,780,Chi-square,0.5599425699928212,0.3256314990095598,0.9833290331829826,0.03918719254464411,0.14318308375238328
TNRC18 (84629)_damaging,7,17,809,798,Chi-square,0.4061659274340144,0.17871522477936647,1.0000023313266058,0.03945076861897109,0.14318308375238328
TET2 (54790)_damaging,7,17,809,798,Chi-square,0.4061659274340144,0.17871522477936647,1.0000023313266058,0.03945076861897109,0.14318308375238328
FBN3 (84467)_damaging,7,17,809,798,Chi-square,0.4061659274340144,0.17871522477936647,1.0000023313266058,0.03945076861897109,0.14318308375238328
ALMS1 (7840)_damaging,7,17,809,798,Chi-square,0.4061659274340144,0.17871522477936647,1.0000023313266058,0.03945076861897109,0.14318308375238328
ATF7IP (55729)_damaging,7,17,809,798,Chi-square,0.4061659274340144,0.17871522477936647,1.0000023313266058,0.03945076861897109,0.14318308375238328
KIF26A (26153)_damaging,7,17,809,798,Chi-square,0.4061659274340144,0.17871522477936647,1.0000023313266058,0.03945076861897109,0.14318308375238328
CELSR3 (1951)_damaging,7,17,809,798,Chi-square,0.4061659274340144,0.17871522477936647,1.0000023313266058,0.03945076861897109,0.14318308375238328
STK11 (6794)_damaging,36,21,780,794,Chi-square,1.745054945054945,1.0051229786309097,2.971198010824346,0.043618201234636576,0.15645132389317382
LRP1B (53353)_damaging,41,25,775,790,Chi-square,1.671741935483871,1.0031536842515711,2.743396020230122,0.044911857751416345,0.15645132389317382
USP34 (9736)_damaging,8,18,808,797,Chi-square,0.4383938393839384,0.20000059639233572,1.0269858004244994,0.04768844666612783,0.15645132389317382
ZDBF2 (57683)_damaging,8,18,808,797,Chi-square,0.4383938393839384,0.20000059639233572,1.0269858004244994,0.04768844666612783,0.15645132389317382
CACNA1I (8911)_damaging,8,18,808,797,Chi-square,0.4383938393839384,0.20000059639233572,1.0269858004244994,0.04768844666612783,0.15645132389317382
LRP1 (4035)_damaging,8,18,808,797,Chi-square,0.4383938393839384,0.20000059639233572,1.0269858004244994,0.04768844666612783,0.15645132389317382
MEGF8 (1954)_damaging,8,18,808,797,Chi-square,0.4383938393839384,0.20000059639233572,1.0269858004244994,0.04768844666612783,0.15645132389317382
ANKRD11 (29123)_damaging,8,18,808,797,Chi-square,0.4383938393839384,0.20000059639233572,1.0269858004244994,0.04768844666612783,0.15645132389317382
PKD1 (5310)_damaging,6,15,810,800,Chi-square,0.3950617283950617,0.16487979084699395,1.0404291782188277,0.04775341131994949,0.15645132389317382
CHD2 (1106)_damaging,6,15,810,800,Chi-square,0.3950617283950617,0.16487979084699395,1.0404291782188277,0.04775341131994949,0.15645132389317382
TCF7L2 (6934)_damaging,6,15,810,800,Chi-square,0.3950617283950617,0.16487979084699395,1.0404291782188277,0.04775341131994949,0.15645132389317382
FASN (2194)_damaging,6,15,810,800,Chi-square,0.3950617283950617,0.16487979084699395,1.0404291782188277,0.04775341131994949,0.15645132389317382
PRRC2B (84726)_damaging,6,15,810,800,Chi-square,0.3950617283950617,0.16487979084699395,1.0404291782188277,0.04775341131994949,0.15645132389317382
DDX3X (1654)_damaging,6,15,810,800,Chi-square,0.3950617283950617,0.16487979084699395,1.0404291782188277,0.04775341131994949,0.15645132389317382
KIF1A (547)_damaging,6,15,810,800,Chi-square,0.3950617283950617,0.16487979084699395,1.0404291782188277,0.04775341131994949,0.15645132389317382
CNTN6 (27255)_damaging,6,15,810,800,Chi-square,0.3950617283950617,0.16487979084699395,1.0404291782188277,0.04775341131994949,0.15645132389317382
ABCB5 (340273)_damaging,15,6,801,809,Chi-square,2.524968789013733,0.9587583325940724,6.049983419253817,0.04839307030285863,0.15645132389317382
SCN2A (6326)_damaging,15,6,801,809,Chi-square,2.524968789013733,0.9587583325940724,6.049983419253817,0.04839307030285863,0.15645132389317382
MYH1 (4619)_damaging,18,8,798,807,Chi-square,2.2753759398496243,0.9713010954109506,4.987546387156855,0.04840094354572378,0.15645132389317382
PCDH15 (65217)_damaging,18,8,798,807,Chi-square,2.2753759398496243,0.9713010954109506,4.987546387156855,0.04840094354572378,0.15645132389317382
CTNNB1 (1499)_hotspot,13,25,803,790,Chi-square,0.5115815691158156,0.26732914981732814,1.0147822104374038,0.048431447104694,0.15645132389317382
NIPBL (25836)_damaging,9,19,807,796,Chi-square,0.4672275484249658,0.21992233385223564,1.0500141470749331,0.05619390838884858,0.17168844368500677
HLA-A (3105)_damaging,21,35,795,780,Chi-square,0.5886792452830188,0.34467046813105595,1.0244283450950116,0.056330914822186516,0.17168844368500677
CFAP47 (286464)_damaging,19,9,797,806,Chi-square,2.1349505088526417,0.9499960948873734,4.535733737150479,0.05704266856452777,0.17168844368500677
BSN (8927)_damaging,5,13,811,802,Chi-square,0.3803471497676183,0.1487682558042572,1.0910900732165327,0.057600498934840205,0.17168844368500677
CPAMD8 (27151)_damaging,5,13,811,802,Chi-square,0.3803471497676183,0.1487682558042572,1.0910900732165327,0.057600498934840205,0.17168844368500677
RAB40A (142684)_damaging,5,13,811,802,Chi-square,0.3803471497676183,0.1487682558042572,1.0910900732165327,0.057600498934840205,0.17168844368500677
BRWD1 (54014)_damaging,5,13,811,802,Chi-square,0.3803471497676183,0.1487682558042572,1.0910900732165327,0.057600498934840205,0.17168844368500677
CARD11 (84433)_damaging,5,13,811,802,Chi-square,0.3803471497676183,0.1487682558042572,1.0910900732165327,0.057600498934840205,0.17168844368500677
SHANK1 (50944)_damaging,5,13,811,802,Chi-square,0.3803471497676183,0.1487682558042572,1.0910900732165327,0.057600498934840205,0.17168844368500677
HIVEP1 (3096)_damaging,5,13,811,802,Chi-square,0.3803471497676183,0.1487682558042572,1.0910900732165327,0.057600498934840205,0.17168844368500677
MAP9 (79884)_damaging,5,13,811,802,Chi-square,0.3803471497676183,0.1487682558042572,1.0910900732165327,0.057600498934840205,0.17168844368500677
UCK1 (83549)_damaging,5,13,811,802,Chi-square,0.3803471497676183,0.1487682558042572,1.0910900732165327,0.057600498934840205,0.17168844368500677
KCNB2 (9312)_damaging,5,13,811,802,Chi-square,0.3803471497676183,0.1487682558042572,1.0910900732165327,0.057600498934840205,0.17168844368500677
TOPBP1 (11073)_damaging,5,13,811,802,Chi-square,0.3803471497676183,0.1487682558042572,1.0910900732165327,0.057600498934840205,0.17168844368500677
TRPM6 (140803)_damaging,5,13,811,802,Chi-square,0.3803471497676183,0.1487682558042572,1.0910900732165327,0.057600498934840205,0.17168844368500677
ITGB4 (3691)_damaging,5,13,811,802,Chi-square,0.3803471497676183,0.1487682558042572,1.0910900732165327,0.057600498934840205,0.17168844368500677
SPTA1 (6708)_damaging,23,12,793,803,Chi-square,1.940836485918453,0.9518670247002341,3.8073019093137725,0.060662171636915584,0.1799449995191198
PKHD1 (5314)_damaging,10,20,806,795,Chi-square,0.49317617866004965,0.2385875836927525,1.069780461554751,0.06486927137907249,0.1905920973375606
PRKDC (5591)_damaging,10,20,806,795,Chi-square,0.49317617866004965,0.2385875836927525,1.069780461554751,0.06486927137907249,0.1905920973375606
KIAA1549 (57670)_damaging,8,17,808,798,Chi-square,0.46476412347117063,0.21017197281409986,1.0949057731437097,0.06921013523512258,0.20238224379180395
CACNA1C (775)_damaging,17,8,799,807,Chi-square,2.146276595744681,0.9110500756834798,4.746179107509312,0.07016146839770879,0.2040611844109531
CDKN2A (1029)_damaging,102,79,714,736,Chi-square,1.3309222423146474,0.9742948408323944,1.8128593328831368,0.0711697612397188,0.2040611844109531
SYCP2 (10388)_damaging,6,14,810,801,Chi-square,0.4238095238095238,0.1748498093168417,1.1238971263958657,0.07143795110658975,0.2040611844109531
FBN1 (2200)_damaging,6,14,810,801,Chi-square,0.4238095238095238,0.1748498093168417,1.1238971263958657,0.07143795110658975,0.2040611844109531
TEX15 (56154)_damaging,6,14,810,801,Chi-square,0.4238095238095238,0.1748498093168417,1.1238971263958657,0.07143795110658975,0.2040611844109531
PBRM1 (55193)_damaging,18,30,798,785,Chi-square,0.5902255639097744,0.3321073825248416,1.0720320912249186,0.07799725513719608,0.22177099732557592
VPS13C (54832)_damaging,9,18,807,797,Chi-square,0.49380421313506817,0.23053305644070227,1.1156985456742814,0.0801561784138933,0.22582813735786378
HSPG2 (3339)_damaging,9,18,807,797,Chi-square,0.49380421313506817,0.23053305644070227,1.1156985456742814,0.0801561784138933,0.22582813735786378
ADGRV1 (84059)_damaging,15,26,801,789,Chi-square,0.5682800345721694,0.3055031647856349,1.0865585916401392,0.08117721058142044,0.22661093289773138
DNAH14 (127602)_damaging,12,22,804,793,Chi-square,0.5379918588873813,0.2725599754282279,1.1016272590026346,0.08242973285431547,0.22661093289773138
CSMD1 (64478)_damaging,22,12,794,803,Chi-square,1.8541141897565072,0.9054786931138386,3.659744223426965,0.08371373649075316,0.22661093289773138
ITSN1 (6453)_damaging,7,15,809,800,Chi-square,0.46147507210548,0.19901252389539437,1.150449843284661,0.08541021292120918,0.22661093289773138
POLE (5426)_damaging,7,15,809,800,Chi-square,0.46147507210548,0.19901252389539437,1.150449843284661,0.08541021292120918,0.22661093289773138
F8 (2157)_damaging,7,15,809,800,Chi-square,0.46147507210548,0.19901252389539437,1.150449843284661,0.08541021292120918,0.22661093289773138
BAHCC1 (57597)_damaging,7,15,809,800,Chi-square,0.46147507210548,0.19901252389539437,1.150449843284661,0.08541021292120918,0.22661093289773138
TACC2 (10579)_damaging,7,15,809,800,Chi-square,0.46147507210548,0.19901252389539437,1.150449843284661,0.08541021292120918,0.22661093289773138
UTP20 (27340)_damaging,7,15,809,800,Chi-square,0.46147507210548,0.19901252389539437,1.150449843284661,0.08541021292120918,0.22661093289773138
NCKAP5 (344148)_damaging,7,15,809,800,Chi-square,0.46147507210548,0.19901252389539437,1.150449843284661,0.08541021292120918,0.22661093289773138
EML6 (400954)_damaging,5,12,811,803,Chi-square,0.41255651459103987,0.15905320112514423,1.1933220146415386,0.08741232095568892,0.22661093289773138
INF2 (64423)_damaging,5,12,811,803,Chi-square,0.41255651459103987,0.15905320112514423,1.1933220146415386,0.08741232095568892,0.22661093289773138
AHR (196)_damaging,5,12,811,803,Chi-square,0.41255651459103987,0.15905320112514423,1.1933220146415386,0.08741232095568892,0.22661093289773138
GLI3 (2737)_damaging,5,12,811,803,Chi-square,0.41255651459103987,0.15905320112514423,1.1933220146415386,0.08741232095568892,0.22661093289773138
MAST2 (23139)_damaging,5,12,811,803,Chi-square,0.41255651459103987,0.15905320112514423,1.1933220146415386,0.08741232095568892,0.22661093289773138
RGS22 (26166)_damaging,5,12,811,803,Chi-square,0.41255651459103987,0.15905320112514423,1.1933220146415386,0.08741232095568892,0.22661093289773138
GLI1 (2735)_damaging,5,12,811,803,Chi-square,0.41255651459103987,0.15905320112514423,1.1933220146415386,0.08741232095568892,0.22661093289773138
MALRD1 (340895)_damaging,5,12,811,803,Chi-square,0.41255651459103987,0.15905320112514423,1.1933220146415386,0.08741232095568892,0.22661093289773138
CHD9 (80205)_damaging,5,12,811,803,Chi-square,0.41255651459103987,0.15905320112514423,1.1933220146415386,0.08741232095568892,0.22661093289773138
SPEN (23013)_damaging,16,27,800,788,Chi-square,0.5837037037037037,0.3184961855417904,1.0966776384921488,0.08835885802147753,0.2281063405826428
DGKH (160851)_damaging,10,19,806,796,Chi-square,0.519785816899569,0.24954259733821588,1.1332546275987987,0.09109514659063904,0.23321869479844104
CENPF (1063)_damaging,10,19,806,796,Chi-square,0.519785816899569,0.24954259733821588,1.1332546275987987,0.09109514659063904,0.23321869479844104
CASP8 (841)_damaging,8,16,808,799,Chi-square,0.4944306930693069,0.22140642277636235,1.1720783271859048,0.09931812107198225,0.24857503941411704
COL11A2 (1302)_damaging,8,16,808,799,Chi-square,0.4944306930693069,0.22140642277636235,1.1720783271859048,0.09931812107198225,0.24857503941411704
MSH2 (4436)_damaging,8,16,808,799,Chi-square,0.4944306930693069,0.22140642277636235,1.1720783271859048,0.09931812107198225,0.24857503941411704
DMXL1 (1657)_damaging,8,16,808,799,Chi-square,0.4944306930693069,0.22140642277636235,1.1720783271859048,0.09931812107198225,0.24857503941411704
SPATA31H1 (84226)_damaging,8,16,808,799,Chi-square,0.4944306930693069,0.22140642277636235,1.1720783271859048,0.09931812107198225,0.24857503941411704
BLTP1 (84162)_damaging,14,24,802,791,Chi-square,0.575332502078138,0.3026674555637682,1.1257705054416443,0.09991346803030961,0.24857503941411704
FAT3 (120114)_damaging,14,24,802,791,Chi-square,0.575332502078138,0.3026674555637682,1.1257705054416443,0.09991346803030961,0.24857503941411704
ERICH3 (127254)_damaging,16,8,800,807,Chi-square,2.0175,0.8510655944622247,4.505358896945786,0.10056589063387679,0.24919339165101198
FLNB (2317)_damaging,6,13,810,802,Chi-square,0.456980056980057,0.1860746613288755,1.221394564270099,0.10565504149643065,0.25766466641619645
COL9A1 (1297)_damaging,6,13,810,802,Chi-square,0.456980056980057,0.1860746613288755,1.221394564270099,0.10565504149643065,0.25766466641619645
NPAT (4863)_damaging,6,13,810,802,Chi-square,0.456980056980057,0.1860746613288755,1.221394564270099,0.10565504149643065,0.25766466641619645
C2orf81 (388963)_hotspot,6,13,810,802,Chi-square,0.456980056980057,0.1860746613288755,1.221394564270099,0.10565504149643065,0.25766466641619645
MYH8 (4626)_damaging,13,6,803,809,Chi-square,2.1828559568285595,0.8167084230696576,5.360875643663631,0.10681870157055226,0.2594769246812234
FAT4 (79633)_damaging,9,17,807,798,Chi-square,0.5235075442816531,0.2421921639279094,1.1898050409672207,0.11302594268702258,0.27241018217926927
ITPR2 (3709)_damaging,9,17,807,798,Chi-square,0.5235075442816531,0.2421921639279094,1.1898050409672207,0.11302594268702258,0.27241018217926927
STAB2 (55576)_damaging,17,9,799,806,Chi-square,1.905437352245863,0.8383831108217576,4.1186811602538524,0.11446579541269308,0.27480698743047327
SETX (23064)_damaging,7,14,809,801,Chi-square,0.49505562422744126,0.21095027152561124,1.2433110136663184,0.1234913116505059,0.2930543818783159
UBR4 (23352)_damaging,7,14,809,801,Chi-square,0.49505562422744126,0.21095027152561124,1.2433110136663184,0.1234913116505059,0.2930543818783159
EIF5B (9669)_damaging,7,14,809,801,Chi-square,0.49505562422744126,0.21095027152561124,1.2433110136663184,0.1234913116505059,0.2930543818783159
ANK2 (287)_damaging,10,18,806,797,Chi-square,0.5493520816101461,0.2615242964546483,1.2044138442253896,0.12644363909104733,0.29891082497768656
ARID2 (196528)_damaging,14,23,802,792,Chi-square,0.6011059308251111,0.31435240356721506,1.181114372236786,0.13350115663479462,0.31439012841094766
DNAH9 (1770)_damaging,23,14,793,801,Chi-square,1.659430733201225,0.8445374565029736,3.1731747903541407,0.13546537653006807,0.3178028034944943
VPS13B (157680)_damaging,11,19,805,796,Chi-square,0.5724746649231776,0.2795449153493966,1.2165090145379176,0.1395137277260211,0.32483007549794346
PTCH1 (5727)_damaging,11,19,805,796,Chi-square,0.5724746649231776,0.2795449153493966,1.2165090145379176,0.1395137277260211,0.32483007549794346
COL6A5 (256076)_damaging,8,15,808,800,Chi-square,0.528052805280528,0.2338801740073323,1.260502382357139,0.14076069493661494,0.3252784598347993
MYO15A (51168)_damaging,8,15,808,800,Chi-square,0.528052805280528,0.2338801740073323,1.260502382357139,0.14076069493661494,0.3252784598347993
CCDST (112268240)_damaging,35,24,781,791,Chi-square,1.4770059752454119,0.8688163708046086,2.478793881455326,0.14597182498595104,0.33606200006093956
DNAH11 (8701)_damaging,16,25,800,790,Chi-square,0.632,0.34133431692641186,1.1961582781282203,0.15342228330150204,0.33867892476305905
DST (667)_damaging,16,25,800,790,Chi-square,0.632,0.34133431692641186,1.1961582781282203,0.15342228330150204,0.33867892476305905
ROBO2 (6092)_damaging,6,12,810,803,Chi-square,0.495679012345679,0.1988072067695596,1.3367195122943056,0.15424437254200907,0.33867892476305905
NRK (203447)_damaging,6,12,810,803,Chi-square,0.495679012345679,0.1988072067695596,1.3367195122943056,0.15424437254200907,0.33867892476305905
KTN1 (3895)_damaging,6,12,810,803,Chi-square,0.495679012345679,0.1988072067695596,1.3367195122943056,0.15424437254200907,0.33867892476305905
ABCA7 (10347)_damaging,6,12,810,803,Chi-square,0.495679012345679,0.1988072067695596,1.3367195122943056,0.15424437254200907,0.33867892476305905
ABCA10 (10349)_damaging,6,12,810,803,Chi-square,0.495679012345679,0.1988072067695596,1.3367195122943056,0.15424437254200907,0.33867892476305905
MT-ND4 (4538)_damaging,6,12,810,803,Chi-square,0.495679012345679,0.1988072067695596,1.3367195122943056,0.15424437254200907,0.33867892476305905
FANCM (57697)_damaging,6,12,810,803,Chi-square,0.495679012345679,0.1988072067695596,1.3367195122943056,0.15424437254200907,0.33867892476305905
IGSF10 (285313)_damaging,6,12,810,803,Chi-square,0.495679012345679,0.1988072067695596,1.3367195122943056,0.15424437254200907,0.33867892476305905
JMJD1C (221037)_damaging,6,12,810,803,Chi-square,0.495679012345679,0.1988072067695596,1.3367195122943056,0.15424437254200907,0.33867892476305905
SULF1 (23213)_damaging,6,12,810,803,Chi-square,0.495679012345679,0.1988072067695596,1.3367195122943056,0.15424437254200907,0.33867892476305905
POLQ (10721)_damaging,6,12,810,803,Chi-square,0.495679012345679,0.1988072067695596,1.3367195122943056,0.15424437254200907,0.33867892476305905
CCNB3 (85417)_damaging,12,6,804,809,Chi-square,2.012437810945274,0.7462483759689861,5.017547852271864,0.15576289650892775,0.3395961383251181
NBAS (51594)_damaging,12,6,804,809,Chi-square,2.012437810945274,0.7462483759689861,5.017547852271864,0.15576289650892775,0.3395961383251181
DNAH17 (8632)_damaging,9,16,807,799,Chi-square,0.5569237918215614,0.2550635666564554,1.2740391334063397,0.15737828778084872,0.3419098716929002
MMP3 (4314)_damaging,16,9,800,806,Chi-square,1.791111111111111,0.7829539735749309,3.9108442121521945,0.15920053389265457,0.34465519091848373
SLK (9748)_damaging,33,45,783,770,Chi-square,0.7211579395487442,0.4583797354599968,1.143690979149699,0.1621174604406343,0.3497429129086411
DNAH5 (1767)_damaging,18,27,798,788,Chi-square,0.658312447786132,0.36548169122756435,1.2074412193920234,0.17234353598020385,0.3701370124133443
RELN (5649)_damaging,10,17,806,798,Chi-square,0.5823967304043205,0.2746846147352975,1.2847223020174763,0.17330698597125732,0.3701370124133443
SPAG8 (26206)_damaging,27,18,789,797,Chi-square,1.515209125475285,0.8261128684079926,2.729226995683468,0.17498134648154745,0.3701370124133443
SETD1A (9739)_damaging,7,13,809,802,Chi-square,0.5338024151373966,0.22437900366784025,1.351852008177882,0.17615076182841768,0.3701370124133443
ABCA8 (10351)_damaging,7,13,809,802,Chi-square,0.5338024151373966,0.22437900366784025,1.351852008177882,0.17615076182841768,0.3701370124133443
WRN (7486)_damaging,7,13,809,802,Chi-square,0.5338024151373966,0.22437900366784025,1.351852008177882,0.17615076182841768,0.3701370124133443
HLA-C (3107)_damaging,7,13,809,802,Chi-square,0.5338024151373966,0.22437900366784025,1.351852008177882,0.17615076182841768,0.3701370124133443
DNAH3 (55567)_damaging,14,22,802,793,Chi-square,0.6292223985490818,0.3269473727722949,1.2419293662603876,0.176369986466002,0.3701370124133443
ZNF729 (100287226)_damaging,13,7,803,808,Chi-square,1.8687066358299236,0.7378926796599625,4.445699404598686,0.1779208430883333,0.37212596673051407
CEP290 (80184)_damaging,11,18,805,797,Chi-square,0.6050379572118703,0.29290826708865514,1.2931559082941861,0.18853958201844714,0.3903655104207446
GRIN2A (2903)_damaging,11,18,805,797,Chi-square,0.6050379572118703,0.29290826708865514,1.2931559082941861,0.18853958201844714,0.3903655104207446
DNAH10 (196385)_damaging,11,18,805,797,Chi-square,0.6050379572118703,0.29290826708865514,1.2931559082941861,0.18853958201844714,0.3903655104207446
APC (324)_hotspot,23,15,793,800,Chi-square,1.5468684321143338,0.7994196536482023,2.9263503342739,0.19042096590273333,0.39294226074242966
CUX1 (1523)_damaging,8,14,808,801,Chi-square,0.5664780763790664,0.2478107347328025,1.3627893674439477,0.1967676369140702,0.40067865338607694
MYO16 (23026)_damaging,8,14,808,801,Chi-square,0.5664780763790664,0.2478107347328025,1.3627893674439477,0.1967676369140702,0.40067865338607694
UTRN (7402)_damaging,8,14,808,801,Chi-square,0.5664780763790664,0.2478107347328025,1.3627893674439477,0.1967676369140702,0.40067865338607694
ADGRG4 (139378)_damaging,8,14,808,801,Chi-square,0.5664780763790664,0.2478107347328025,1.3627893674439477,0.1967676369140702,0.40067865338607694
SLC45A1 (50651)_damaging,14,8,802,807,Chi-square,1.7609102244389028,0.7319683088980071,4.025324110027301,0.1987836177908691,0.40240185174228954
ZNF292 (23036)_damaging,16,24,800,791,Chi-square,0.6591666666666667,0.3539842235788749,1.2526535652949047,0.19891825734424362,0.40240185174228954
LINC02900 (340073)_damaging,54,42,762,773,Chi-square,1.3042744656917886,0.8603976643897859,1.9667848835098334,0.2090180197228417,0.4214513665653377
RYR2 (6262)_damaging,38,28,778,787,Chi-square,1.3728424531766434,0.8335119413905112,2.240287748974576,0.21074571568329417,0.423550835754373
TENM4 (26011)_damaging,15,9,801,806,Chi-square,1.677070328755722,0.7277980126957048,3.7034544752618537,0.2183861642301598,0.4235689849133195
PIK3CA (5290)_hotspot,66,53,750,762,Chi-square,1.2652075471698114,0.8689907203141388,1.835265457789706,0.2184090784503172,0.4235689849133195
IQGAP1 (8826)_damaging,6,11,810,804,Chi-square,0.5414141414141415,0.2133730366319613,1.475154651807463,0.22186296299186334,0.4235689849133195
SMCHD1 (23347)_damaging,6,11,810,804,Chi-square,0.5414141414141415,0.2133730366319613,1.475154651807463,0.22186296299186334,0.4235689849133195
MIDEAS (91748)_damaging,6,11,810,804,Chi-square,0.5414141414141415,0.2133730366319613,1.475154651807463,0.22186296299186334,0.4235689849133195
FAM193A (8603)_damaging,6,11,810,804,Chi-square,0.5414141414141415,0.2133730366319613,1.475154651807463,0.22186296299186334,0.4235689849133195
ASCC3 (10973)_damaging,6,11,810,804,Chi-square,0.5414141414141415,0.2133730366319613,1.475154651807463,0.22186296299186334,0.4235689849133195
TAL1 (6886)_damaging,6,11,810,804,Chi-square,0.5414141414141415,0.2133730366319613,1.475154651807463,0.22186296299186334,0.4235689849133195
COL5A1 (1289)_damaging,6,11,810,804,Chi-square,0.5414141414141415,0.2133730366319613,1.475154651807463,0.22186296299186334,0.4235689849133195
BDP1 (55814)_damaging,6,11,810,804,Chi-square,0.5414141414141415,0.2133730366319613,1.475154651807463,0.22186296299186334,0.4235689849133195
PLXNA3 (55558)_damaging,6,11,810,804,Chi-square,0.5414141414141415,0.2133730366319613,1.475154651807463,0.22186296299186334,0.4235689849133195
SORCS3 (22986)_damaging,6,11,810,804,Chi-square,0.5414141414141415,0.2133730366319613,1.475154651807463,0.22186296299186334,0.4235689849133195
TRPM1 (4308)_damaging,6,11,810,804,Chi-square,0.5414141414141415,0.2133730366319613,1.475154651807463,0.22186296299186334,0.4235689849133195
EFCAB5 (374786)_damaging,6,11,810,804,Chi-square,0.5414141414141415,0.2133730366319613,1.475154651807463,0.22186296299186334,0.4235689849133195
UNC13B (10497)_damaging,11,6,805,809,Chi-square,1.8424430641821947,0.6762181151152515,4.675034102759117,0.2237919010716848,0.4235689849133195
PIK3CG (5294)_damaging,11,6,805,809,Chi-square,1.8424430641821947,0.6762181151152515,4.675034102759117,0.2237919010716848,0.4235689849133195
UNC93B7 (100887746)_damaging,11,6,805,809,Chi-square,1.8424430641821947,0.6762181151152515,4.675034102759117,0.2237919010716848,0.4235689849133195
COL4A4 (1286)_damaging,11,6,805,809,Chi-square,1.8424430641821947,0.6762181151152515,4.675034102759117,0.2237919010716848,0.4235689849133195
SMARCA4 (6597)_damaging,40,30,776,785,Chi-square,1.3487972508591066,0.830973410136769,2.171364329540893,0.223798199484185,0.4235689849133195
LINC02138 (400558)_damaging,41,31,775,784,Chi-square,1.3379396462018731,0.8299102502202661,2.140258590093836,0.2301016895677934,0.43413351295501806
ZFP36L2 (678)_damaging,10,16,806,799,Chi-square,0.6195719602977667,0.28920710128206495,1.3760364871904807,0.2343054454035997,0.43413351295501806
COL22A1 (169044)_damaging,10,16,806,799,Chi-square,0.6195719602977667,0.28920710128206495,1.3760364871904807,0.2343054454035997,0.43413351295501806
TENM3 (55714)_damaging,10,16,806,799,Chi-square,0.6195719602977667,0.28920710128206495,1.3760364871904807,0.2343054454035997,0.43413351295501806
FER1L6 (654463)_damaging,10,16,806,799,Chi-square,0.6195719602977667,0.28920710128206495,1.3760364871904807,0.2343054454035997,0.43413351295501806
RECQL (5965)_damaging,10,16,806,799,Chi-square,0.6195719602977667,0.28920710128206495,1.3760364871904807,0.2343054454035997,0.43413351295501806
TRIOBP (11078)_damaging,10,16,806,799,Chi-square,0.6195719602977667,0.28920710128206495,1.3760364871904807,0.2343054454035997,0.43413351295501806
MGA (23269)_damaging,20,28,796,787,Chi-square,0.7062096195262024,0.3997398122449419,1.2652319857968748,0.23943975048033217,0.44130421281740784
RP1L1 (94137)_damaging,7,12,809,803,Chi-square,0.5790070045323444,0.23959699410273766,1.4803322190076809,0.24747367525903258,0.44130421281740784
PIK3C2B (5287)_damaging,7,12,809,803,Chi-square,0.5790070045323444,0.23959699410273766,1.4803322190076809,0.24747367525903258,0.44130421281740784
CLASP2 (23122)_damaging,7,12,809,803,Chi-square,0.5790070045323444,0.23959699410273766,1.4803322190076809,0.24747367525903258,0.44130421281740784
RFX7 (64864)_damaging,7,12,809,803,Chi-square,0.5790070045323444,0.23959699410273766,1.4803322190076809,0.24747367525903258,0.44130421281740784
ATXN7 (6314)_damaging,7,12,809,803,Chi-square,0.5790070045323444,0.23959699410273766,1.4803322190076809,0.24747367525903258,0.44130421281740784
CNTN1 (1272)_damaging,7,12,809,803,Chi-square,0.5790070045323444,0.23959699410273766,1.4803322190076809,0.24747367525903258,0.44130421281740784
CNTN4 (152330)_damaging,7,12,809,803,Chi-square,0.5790070045323444,0.23959699410273766,1.4803322190076809,0.24747367525903258,0.44130421281740784
PKP3 (11187)_damaging,7,12,809,803,Chi-square,0.5790070045323444,0.23959699410273766,1.4803322190076809,0.24747367525903258,0.44130421281740784
ERF (2077)_damaging,7,12,809,803,Chi-square,0.5790070045323444,0.23959699410273766,1.4803322190076809,0.24747367525903258,0.44130421281740784
ITSN2 (50618)_damaging,7,12,809,803,Chi-square,0.5790070045323444,0.23959699410273766,1.4803322190076809,0.24747367525903258,0.44130421281740784
DNAH12 (201625)_damaging,7,12,809,803,Chi-square,0.5790070045323444,0.23959699410273766,1.4803322190076809,0.24747367525903258,0.44130421281740784
ADAMTS16 (170690)_damaging,7,12,809,803,Chi-square,0.5790070045323444,0.23959699410273766,1.4803322190076809,0.24747367525903258,0.44130421281740784
NLRP4 (147945)_damaging,12,7,804,808,Chi-square,1.7228144989339018,0.6738509263676309,4.163337526900109,0.249678376683045,0.4414084768293374
PTPRZ1 (5803)_damaging,12,7,804,808,Chi-square,1.7228144989339018,0.6738509263676309,4.163337526900109,0.249678376683045,0.4414084768293374
MYH7B (57644)_damaging,12,7,804,808,Chi-square,1.7228144989339018,0.6738509263676309,4.163337526900109,0.249678376683045,0.4414084768293374
FAT2 (2196)_damaging,11,17,805,798,Chi-square,0.6414322250639386,0.30758097533498796,1.3796815765790809,0.2513707492517151,0.4431307208237377
APC (324)_damaging,46,36,770,779,Chi-square,1.2927128427128427,0.8261574778824582,2.010686174029885,0.25954330176635143,0.45623423700808785
TTN (7273)_damaging,112,97,704,718,Chi-square,1.1776007497656982,0.880161879732394,1.573348058069551,0.27058550392135666,0.46981606593987607
LYST (1130)_damaging,8,13,808,802,Chi-square,0.6108149276466108,0.26346973185727673,1.4824143783111186,0.27089215596104543,0.46981606593987607
MAP2 (4133)_damaging,8,13,808,802,Chi-square,0.6108149276466108,0.26346973185727673,1.4824143783111186,0.27089215596104543,0.46981606593987607
WNK2 (65268)_damaging,8,13,808,802,Chi-square,0.6108149276466108,0.26346973185727673,1.4824143783111186,0.27089215596104543,0.46981606593987607
TNR (7143)_damaging,13,8,803,807,Chi-square,1.6330946450809465,0.6729023833868534,3.786089872297195,0.27336137386128934,0.46981606593987607
DOCK2 (1794)_damaging,13,8,803,807,Chi-square,1.6330946450809465,0.6729023833868534,3.786089872297195,0.27336137386128934,0.46981606593987607
ABCC9 (10060)_damaging,13,8,803,807,Chi-square,1.6330946450809465,0.6729023833868534,3.786089872297195,0.27336137386128934,0.46981606593987607
PAPPA2 (60676)_damaging,13,8,803,807,Chi-square,1.6330946450809465,0.6729023833868534,3.786089872297195,0.27336137386128934,0.46981606593987607
XIRP2 (129446)_damaging,18,25,798,790,Chi-square,0.7127819548872181,0.3915715230410236,1.317364339889179,0.2775139339413224,0.4756280478938775
KCNH7 (90134)_damaging,9,14,807,801,Chi-square,0.6380775358470526,0.2852900300248676,1.4823358182633242,0.29235777641619665,0.49830040897456723
LRRIQ1 (84125)_damaging,9,14,807,801,Chi-square,0.6380775358470526,0.2852900300248676,1.4823358182633242,0.29235777641619665,0.49830040897456723
HMCN2 (256158)_damaging,14,20,802,795,Chi-square,0.6938902743142145,0.3553309270501613,1.3835203745644853,0.2967165373418795,0.5043363733882635
SPATA22 (84690)_damaging,36,28,780,787,Chi-square,1.2972527472527473,0.7838750361777068,2.130122036225858,0.3100043581101094,0.5228202427436995
LRRK2 (120892)_damaging,15,21,801,794,Chi-square,0.7080435170322811,0.3692049699688262,1.3832468429172793,0.3101332396178185,0.5228202427436995
COL7A1 (1294)_damaging,15,21,801,794,Chi-square,0.7080435170322811,0.3692049699688262,1.3832468429172793,0.3101332396178185,0.5228202427436995
KIF21A (55605)_damaging,10,15,806,800,Chi-square,0.6617038875103392,0.3053156088483584,1.4807444832228982,0.31209166575086134,0.5232623852398952
NOTCH3 (4854)_damaging,10,15,806,800,Chi-square,0.6617038875103392,0.3053156088483584,1.4807444832228982,0.31209166575086134,0.5232623852398952
TRMT9B (57604)_damaging,15,10,801,805,Chi-square,1.5074906367041199,0.6736570818620401,3.2671566243944743,0.3150586335256068,0.5253815591494578
IGFN1 (91156)_damaging,15,10,801,805,Chi-square,1.5074906367041199,0.6736570818620401,3.2671566243944743,0.3150586335256068,0.5253815591494578
OBSCN (84033)_damaging,22,29,794,786,Chi-square,0.750977156258143,0.43240915101305805,1.3183653459625102,0.31714653191738534,0.5274377633235223
NBEA (26960)_damaging,16,22,800,793,Chi-square,0.7209090909090909,0.3822248996452641,1.3824679334598826,0.3228130240206378,0.5354183758621869
MACF1 (23499)_damaging,22,16,794,799,Chi-square,1.3836586901763224,0.7215312170108011,2.6097034236328205,0.3265705434647366,0.5387540783896857
PKHD1L1 (93035)_damaging,22,16,794,799,Chi-square,1.3836586901763224,0.7215312170108011,2.6097034236328205,0.3265705434647366,0.5387540783896857
BPTF (2186)_damaging,7,11,809,804,Chi-square,0.6324306101809192,0.2569877135152905,1.6346804789604175,0.3417714600602634,0.5548723940379483
SVEP1 (79987)_damaging,7,11,809,804,Chi-square,0.6324306101809192,0.2569877135152905,1.6346804789604175,0.3417714600602634,0.5548723940379483
SHPRH (257218)_damaging,7,11,809,804,Chi-square,0.6324306101809192,0.2569877135152905,1.6346804789604175,0.3417714600602634,0.5548723940379483
LRRK1 (79705)_damaging,7,11,809,804,Chi-square,0.6324306101809192,0.2569877135152905,1.6346804789604175,0.3417714600602634,0.5548723940379483
PTPRB (5787)_damaging,11,7,805,808,Chi-square,1.5772848269742679,0.6102261467038683,3.881604661432334,0.3444345655049177,0.5548723940379483
MED12L (116931)_damaging,11,7,805,808,Chi-square,1.5772848269742679,0.6102261467038683,3.881604661432334,0.3444345655049177,0.5548723940379483
ADAMTS12 (81792)_damaging,11,7,805,808,Chi-square,1.5772848269742679,0.6102261467038683,3.881604661432334,0.3444345655049177,0.5548723940379483
CNTNAP2 (26047)_damaging,11,7,805,808,Chi-square,1.5772848269742679,0.6102261467038683,3.881604661432334,0.3444345655049177,0.5548723940379483
RHOA (387)_hotspot,11,7,805,808,Chi-square,1.5772848269742679,0.6102261467038683,3.881604661432334,0.3444345655049177,0.5548723940379483
MUC4 (4585)_damaging,18,24,798,791,Chi-square,0.743421052631579,0.40601715689213885,1.3798087661560494,0.3461918044582085,0.5562508941424861
PTPN13 (5783)_damaging,12,17,804,798,Chi-square,0.7006145741878841,0.34082882980176604,1.4747056673481904,0.3471280604425844,0.55630652803396
TRRAP (8295)_damaging,8,12,808,803,Chi-square,0.6625412541254125,0.28120084785450716,1.6241005496260148,0.36667390190167526,0.5773408659544612
NOTCH4 (4855)_damaging,8,12,808,803,Chi-square,0.6625412541254125,0.28120084785450716,1.6241005496260148,0.36667390190167526,0.5773408659544612
TCF20 (6942)_damaging,8,12,808,803,Chi-square,0.6625412541254125,0.28120084785450716,1.6241005496260148,0.36667390190167526,0.5773408659544612
COL2A1 (1280)_damaging,8,12,808,803,Chi-square,0.6625412541254125,0.28120084785450716,1.6241005496260148,0.36667390190167526,0.5773408659544612
CDKN2A (1029)_hotspot,57,48,759,767,Chi-square,1.2000164690382082,0.8070473403131955,1.778502227570897,0.36730684780852585,0.5773408659544612
PLEC (5339)_damaging,12,8,804,807,Chi-square,1.5055970149253732,0.6141994746464076,3.547363548826352,0.36961044092708617,0.5773408659544612
WDFY3 (23001)_damaging,12,8,804,807,Chi-square,1.5055970149253732,0.6141994746464076,3.547363548826352,0.36961044092708617,0.5773408659544612
ANKRD30B (374860)_damaging,12,8,804,807,Chi-square,1.5055970149253732,0.6141994746464076,3.547363548826352,0.36961044092708617,0.5773408659544612
ATP8A2 (51761)_damaging,12,8,804,807,Chi-square,1.5055970149253732,0.6141994746464076,3.547363548826352,0.36961044092708617,0.5773408659544612
PCNT (5116)_damaging,12,8,804,807,Chi-square,1.5055970149253732,0.6141994746464076,3.547363548826352,0.36961044092708617,0.5773408659544612
COL5A2 (1290)_damaging,14,19,802,796,Chi-square,0.7313295708098175,0.3714028874412208,1.4665706321327658,0.37729682773792883,0.5863781932350178
YLPM1 (56252)_damaging,14,19,802,796,Chi-square,0.7313295708098175,0.3714028874412208,1.4665706321327658,0.37729682773792883,0.5863781932350178
PIK3R1 (5295)_hotspot,9,13,807,802,Chi-square,0.688018301401201,0.303199569471659,1.61308076841482,0.3889578529134462,0.5915864514898644
CDH1 (999)_damaging,9,13,807,802,Chi-square,0.688018301401201,0.303199569471659,1.61308076841482,0.3889578529134462,0.5915864514898644
MAP1A (4130)_damaging,9,13,807,802,Chi-square,0.688018301401201,0.303199569471659,1.61308076841482,0.3889578529134462,0.5915864514898644
MYH15 (22989)_damaging,9,13,807,802,Chi-square,0.688018301401201,0.303199569471659,1.61308076841482,0.3889578529134462,0.5915864514898644
ZZEF1 (23140)_damaging,9,13,807,802,Chi-square,0.688018301401201,0.303199569471659,1.61308076841482,0.3889578529134462,0.5915864514898644
SORL1 (6653)_damaging,13,9,803,806,Chi-square,1.4498408744984088,0.6183934808293257,3.289973540067369,0.39215374174935913,0.5915864514898644
CTNNA1 (1495)_damaging,13,9,803,806,Chi-square,1.4498408744984088,0.6183934808293257,3.289973540067369,0.39215374174935913,0.5915864514898644
NUP98 (4928)_damaging,13,9,803,806,Chi-square,1.4498408744984088,0.6183934808293257,3.289973540067369,0.39215374174935913,0.5915864514898644
COL6A3 (1293)_damaging,13,9,803,806,Chi-square,1.4498408744984088,0.6183934808293257,3.289973540067369,0.39215374174935913,0.5915864514898644
PLXNB2 (23654)_damaging,13,9,803,806,Chi-square,1.4498408744984088,0.6183934808293257,3.289973540067369,0.39215374174935913,0.5915864514898644
ABCA9 (10350)_damaging,13,9,803,806,Chi-square,1.4498408744984088,0.6183934808293257,3.289973540067369,0.39215374174935913,0.5915864514898644
KEAP1 (9817)_damaging,13,9,803,806,Chi-square,1.4498408744984088,0.6183934808293257,3.289973540067369,0.39215374174935913,0.5915864514898644
HLA-B (3106)_damaging,16,21,800,794,Chi-square,0.7561904761904762,0.3980541531016034,1.4575180428939312,0.40357529585728746,0.6073316037657228
MGAM (8972)_damaging,21,16,795,799,Chi-square,1.3191037735849056,0.6843794100307014,2.5059284374057964,0.40783591467953695,0.6095969280141836
VPS13A (23230)_damaging,10,14,806,801,Chi-square,0.7098546614675647,0.32328601438860266,1.6019685529057333,0.4090326226869887,0.6095969280141836
PIEZO2 (63895)_damaging,10,14,806,801,Chi-square,0.7098546614675647,0.32328601438860266,1.6019685529057333,0.4090326226869887,0.6095969280141836
COL4A6 (1288)_damaging,10,14,806,801,Chi-square,0.7098546614675647,0.32328601438860266,1.6019685529057333,0.4090326226869887,0.6095969280141836
USH2A (7399)_damaging,31,25,785,790,Chi-square,1.2478980891719744,0.7307248060547686,2.1149410455378983,0.4172254002023664,0.6203086070478556
JAKMIP3 (282973)_damaging,37,44,779,771,Chi-square,0.8322733107713852,0.534086288283993,1.3024789310644147,0.42168455060566545,0.6254311724127297
KEL (3792)_damaging,11,15,805,800,Chi-square,0.7287784679089027,0.34171178470578123,1.5909770343518128,0.42722767359405134,0.6291156911874216
BICRA (29998)_damaging,11,15,805,800,Chi-square,0.7287784679089027,0.34171178470578123,1.5909770343518128,0.42722767359405134,0.6291156911874216
SRCAP (10847)_damaging,11,15,805,800,Chi-square,0.7287784679089027,0.34171178470578123,1.5909770343518128,0.42722767359405134,0.6291156911874216
BAP1 (8314)_damaging,15,11,801,804,Chi-square,1.3687436159346271,0.6269810564938,2.919162959883289,0.43090640613887865,0.6315184146975965
UNC80 (285175)_damaging,15,11,801,804,Chi-square,1.3687436159346271,0.6269810564938,2.919162959883289,0.43090640613887865,0.6315184146975965
ATRX (546)_damaging,12,16,804,799,Chi-square,0.7453358208955224,0.358686844080846,1.5802344628943457,0.4438101615345542,0.6462144785973997
FRAS1 (80144)_damaging,12,16,804,799,Chi-square,0.7453358208955224,0.358686844080846,1.5802344628943457,0.4438101615345542,0.6462144785973997
FBN2 (2201)_damaging,16,12,800,803,Chi-square,1.3383333333333334,0.6312413689055537,2.78100326749136,0.4477150037927079,0.6462144785973997
ZFHX4 (79776)_damaging,21,26,795,789,Chi-square,0.8015965166908563,0.4520244659523218,1.4343235559924112,0.4566760008937164,0.6462144785973997
SETD2 (29072)_damaging,13,17,803,798,Chi-square,0.7599443264229727,0.37438720926617797,1.5698151478916431,0.45899854139892493,0.6462144785973997
DMXL2 (23312)_damaging,7,10,809,805,Chi-square,0.6965389369592089,0.27705247929940713,1.8233887503356654,0.46296696231296974,0.6462144785973997
AEBP1 (165)_damaging,7,10,809,805,Chi-square,0.6965389369592089,0.27705247929940713,1.8233887503356654,0.46296696231296974,0.6462144785973997
ICE1 (23379)_damaging,7,10,809,805,Chi-square,0.6965389369592089,0.27705247929940713,1.8233887503356654,0.46296696231296974,0.6462144785973997
COL1A2 (1278)_damaging,7,10,809,805,Chi-square,0.6965389369592089,0.27705247929940713,1.8233887503356654,0.46296696231296974,0.6462144785973997
BTBD8 (284697)_damaging,7,10,809,805,Chi-square,0.6965389369592089,0.27705247929940713,1.8233887503356654,0.46296696231296974,0.6462144785973997
RIMS1 (22999)_damaging,7,10,809,805,Chi-square,0.6965389369592089,0.27705247929940713,1.8233887503356654,0.46296696231296974,0.6462144785973997
GTF3C1 (2975)_damaging,7,10,809,805,Chi-square,0.6965389369592089,0.27705247929940713,1.8233887503356654,0.46296696231296974,0.6462144785973997
ANKRD26 (22852)_damaging,7,10,809,805,Chi-square,0.6965389369592089,0.27705247929940713,1.8233887503356654,0.46296696231296974,0.6462144785973997
ATG2B (55102)_damaging,7,10,809,805,Chi-square,0.6965389369592089,0.27705247929940713,1.8233887503356654,0.46296696231296974,0.6462144785973997
PALB2 (79728)_damaging,7,10,809,805,Chi-square,0.6965389369592089,0.27705247929940713,1.8233887503356654,0.46296696231296974,0.6462144785973997
DNAH8 (1769)_damaging,17,13,799,802,Chi-square,1.3126022913256956,0.6354291222195776,2.6643703458689405,0.46312070968395036,0.6462144785973997
DMD (1756)_damaging,17,13,799,802,Chi-square,1.3126022913256956,0.6354291222195776,2.6643703458689405,0.46312070968395036,0.6462144785973997
CCDC141 (285025)_damaging,10,7,806,808,Chi-square,1.4321162708259483,0.5470727504785815,3.600495671468595,0.4660704100094698,0.6462144785973997
HRAS (3265)_hotspot,10,7,806,808,Chi-square,1.4321162708259483,0.5470727504785815,3.600495671468595,0.4660704100094698,0.6462144785973997
CCDC88A (55704)_damaging,10,7,806,808,Chi-square,1.4321162708259483,0.5470727504785815,3.600495671468595,0.4660704100094698,0.6462144785973997
PXDNL (137902)_damaging,10,7,806,808,Chi-square,1.4321162708259483,0.5470727504785815,3.600495671468595,0.4660704100094698,0.6462144785973997
DMBT1 (1755)_damaging,10,7,806,808,Chi-square,1.4321162708259483,0.5470727504785815,3.600495671468595,0.4660704100094698,0.6462144785973997
RAD17 (5884)_damaging,10,7,806,808,Chi-square,1.4321162708259483,0.5470727504785815,3.600495671468595,0.4660704100094698,0.6462144785973997
ANK1 (286)_damaging,10,7,806,808,Chi-square,1.4321162708259483,0.5470727504785815,3.600495671468595,0.4660704100094698,0.6462144785973997
DYSF (8291)_damaging,14,18,802,797,Chi-square,0.7729287891382655,0.38896127097155486,1.5597589573424187,0.4729729815330673,0.6543146403719788
RYR3 (6263)_damaging,18,14,798,801,Chi-square,1.2905477980665951,0.6395239116302018,2.5645305530853073,0.47730456799639354,0.6564073160291988
NAV3 (89795)_damaging,15,19,801,796,Chi-square,0.7845456337472896,0.40253488359801526,1.5500837316115332,0.48588332212708196,0.6564073160291988
KDM6A (7403)_damaging,15,19,801,796,Chi-square,0.7845456337472896,0.40253488359801526,1.5500837316115332,0.48588332212708196,0.6564073160291988
SMC3 (9126)_damaging,8,11,808,804,Chi-square,0.7236723672367237,0.30144537355556594,1.794426177486946,0.4870680026146861,0.6564073160291988
ADAMTSL3 (57188)_damaging,8,11,808,804,Chi-square,0.7236723672367237,0.30144537355556594,1.794426177486946,0.4870680026146861,0.6564073160291988
ZNF831 (128611)_damaging,8,11,808,804,Chi-square,0.7236723672367237,0.30144537355556594,1.794426177486946,0.4870680026146861,0.6564073160291988
SAMD9 (54809)_damaging,8,11,808,804,Chi-square,0.7236723672367237,0.30144537355556594,1.794426177486946,0.4870680026146861,0.6564073160291988
ZAN (7455)_damaging,8,11,808,804,Chi-square,0.7236723672367237,0.30144537355556594,1.794426177486946,0.4870680026146861,0.6564073160291988
ZFC3H1 (196441)_damaging,8,11,808,804,Chi-square,0.7236723672367237,0.30144537355556594,1.794426177486946,0.4870680026146861,0.6564073160291988
ADGRB3 (577)_damaging,8,11,808,804,Chi-square,0.7236723672367237,0.30144537355556594,1.794426177486946,0.4870680026146861,0.6564073160291988
ABCA12 (26154)_damaging,19,15,797,800,Chi-square,1.2714345462149728,0.6435136435319833,2.478045956765909,0.49041717205010027,0.6564073160291988
EPHA7 (2045)_damaging,11,8,805,807,Chi-square,1.3784161490683229,0.5559009611505432,3.3091341753612094,0.4904437158662247,0.6564073160291988
PREX2 (80243)_damaging,11,8,805,807,Chi-square,1.3784161490683229,0.5559009611505432,3.3091341753612094,0.4904437158662247,0.6564073160291988
ATRNL1 (26033)_damaging,11,8,805,807,Chi-square,1.3784161490683229,0.5559009611505432,3.3091341753612094,0.4904437158662247,0.6564073160291988
LAMB4 (22798)_damaging,11,8,805,807,Chi-square,1.3784161490683229,0.5559009611505432,3.3091341753612094,0.4904437158662247,0.6564073160291988
RP1 (6101)_damaging,16,20,800,795,Chi-square,0.795,0.4152154345672256,1.5407932700360227,0.49785517958329095,0.6648845147248712
ZNF236 (7776)_damaging,9,12,807,803,Chi-square,0.7462825278810409,0.3234649838944256,1.7680177099350622,0.508139543927393,0.672794203011162
DYNC1H1 (1778)_damaging,9,12,807,803,Chi-square,0.7462825278810409,0.3234649838944256,1.7680177099350622,0.508139543927393,0.672794203011162
SZT2 (23334)_damaging,9,12,807,803,Chi-square,0.7462825278810409,0.3234649838944256,1.7680177099350622,0.508139543927393,0.672794203011162
PCNX1 (22990)_damaging,9,12,807,803,Chi-square,0.7462825278810409,0.3234649838944256,1.7680177099350622,0.508139543927393,0.672794203011162
RASA1 (5921)_damaging,12,9,804,806,Chi-square,1.3366500829187395,0.5642025877072914,3.083858114239698,0.5117716835497594,0.6732689312371036
KDR (3791)_damaging,12,9,804,806,Chi-square,1.3366500829187395,0.5642025877072914,3.083858114239698,0.5117716835497594,0.6732689312371036
TENM1 (10178)_damaging,12,9,804,806,Chi-square,1.3366500829187395,0.5642025877072914,3.083858114239698,0.5117716835497594,0.6732689312371036
RIMS2 (9699)_damaging,10,13,806,802,Chi-square,0.765413246802825,0.34346228053213496,1.7438669647332201,0.5267580802257998,0.6900419012724384
CDH23 (64072)_damaging,10,13,806,802,Chi-square,0.765413246802825,0.34346228053213496,1.7438669647332201,0.5267580802257998,0.6900419012724384
LRRC7 (57554)_damaging,11,14,805,801,Chi-square,0.781810115350488,0.36172266275426995,1.7217096789399753,0.543358973706729,0.7102806923242623
NOTCH1 (4851)_damaging,26,22,790,793,Chi-square,1.1863060989643268,0.6682951371053082,2.09145499831347,0.5607509034791297,0.7307940834458264
CSMD2 (114784)_damaging,15,12,801,803,Chi-square,1.2531210986267165,0.5863179350063886,2.635572091145919,0.562604845440466,0.7307940834458264
RYR1 (6261)_damaging,15,12,801,803,Chi-square,1.2531210986267165,0.5863179350063886,2.635572091145919,0.562604845440466,0.7307940834458264
SPEF2 (79925)_damaging,14,17,802,798,Chi-square,0.8194220331524131,0.40822357140351506,1.6650281793569275,0.584064549998204,0.7523336687868306
VHL (7428)_damaging,14,17,802,798,Chi-square,0.8194220331524131,0.40822357140351506,1.6650281793569275,0.584064549998204,0.7523336687868306
AKAP9 (10142)_damaging,14,17,802,798,Chi-square,0.8194220331524131,0.40822357140351506,1.6650281793569275,0.584064549998204,0.7523336687868306
BCL9 (607)_damaging,14,17,802,798,Chi-square,0.8194220331524131,0.40822357140351506,1.6650281793569275,0.584064549998204,0.7523336687868306
MED12 (9968)_damaging,17,14,799,801,Chi-square,1.2173252279635258,0.5990917842716033,2.443525334989628,0.5888080530432631,0.7557799384826662
NF1 (4763)_damaging,44,49,772,766,Chi-square,0.8909802262874061,0.587829026981075,1.353586264022497,0.5891898710051255,0.7557799384826662
SPTBN5 (51332)_damaging,15,18,801,797,Chi-square,0.8291718684977112,0.4215052462710835,1.6488125527825688,0.5953106302515822,0.7604692730128907
NSD2 (7468)_damaging,15,18,801,797,Chi-square,0.8291718684977112,0.4215052462710835,1.6488125527825688,0.5953106302515822,0.7604692730128907
MUC16 (94025)_damaging,50,45,766,770,Chi-square,1.116913257905425,0.73826663506402,1.686039283370366,0.6013520273075992,0.7665995885305552
PTPRT (11122)_damaging,16,19,800,796,Chi-square,0.8378947368421052,0.4338853941284078,1.6337008038338685,0.605652193876405,0.7704894920035915
NF2 (4771)_damaging,19,16,797,799,Chi-square,1.1904799247176914,0.6105759759723819,2.298990489476421,0.6107831419736767,0.7754181041106142
DNAH7 (56171)_damaging,19,22,797,793,Chi-square,0.859301927683358,0.46651780390454745,1.5939270562986028,0.6322945204001766,0.7771598401683243
GREB1 (9687)_damaging,8,10,808,805,Chi-square,0.7970297029702971,0.324779406687222,2.0028194956563627,0.6336161320837939,0.7771598401683243
COL24A1 (255631)_damaging,8,10,808,805,Chi-square,0.7970297029702971,0.324779406687222,2.0028194956563627,0.6336161320837939,0.7771598401683243
DCHS1 (8642)_damaging,8,10,808,805,Chi-square,0.7970297029702971,0.324779406687222,2.0028194956563627,0.6336161320837939,0.7771598401683243
AHNAK (79026)_damaging,8,10,808,805,Chi-square,0.7970297029702971,0.324779406687222,2.0028194956563627,0.6336161320837939,0.7771598401683243
EPHA3 (2042)_damaging,8,10,808,805,Chi-square,0.7970297029702971,0.324779406687222,2.0028194956563627,0.6336161320837939,0.7771598401683243
MUTYH (4595)_damaging,8,10,808,805,Chi-square,0.7970297029702971,0.324779406687222,2.0028194956563627,0.6336161320837939,0.7771598401683243
PEG3 (5178)_damaging,8,10,808,805,Chi-square,0.7970297029702971,0.324779406687222,2.0028194956563627,0.6336161320837939,0.7771598401683243
VWF (7450)_damaging,10,8,806,807,Chi-square,1.2515508684863523,0.49806024348385786,3.07139157550167,0.6373466436388526,0.7771598401683243
COL12A1 (1303)_damaging,10,8,806,807,Chi-square,1.2515508684863523,0.49806024348385786,3.07139157550167,0.6373466436388526,0.7771598401683243
KCNG2 (26251)_damaging,10,8,806,807,Chi-square,1.2515508684863523,0.49806024348385786,3.07139157550167,0.6373466436388526,0.7771598401683243
HCN1 (348980)_damaging,10,8,806,807,Chi-square,1.2515508684863523,0.49806024348385786,3.07139157550167,0.6373466436388526,0.7771598401683243
MECOM (2122)_damaging,10,8,806,807,Chi-square,1.2515508684863523,0.49806024348385786,3.07139157550167,0.6373466436388526,0.7771598401683243
SYTL2 (54843)_damaging,10,8,806,807,Chi-square,1.2515508684863523,0.49806024348385786,3.07139157550167,0.6373466436388526,0.7771598401683243
COL27A1 (85301)_damaging,10,8,806,807,Chi-square,1.2515508684863523,0.49806024348385786,3.07139157550167,0.6373466436388526,0.7771598401683243
CRYBG3 (131544)_damaging,10,8,806,807,Chi-square,1.2515508684863523,0.49806024348385786,3.07139157550167,0.6373466436388526,0.7771598401683243
MROH2B (133558)_damaging,10,8,806,807,Chi-square,1.2515508684863523,0.49806024348385786,3.07139157550167,0.6373466436388526,0.7771598401683243
DIAPH2 (1730)_damaging,10,8,806,807,Chi-square,1.2515508684863523,0.49806024348385786,3.07139157550167,0.6373466436388526,0.7771598401683243
PTPRD (5789)_damaging,10,8,806,807,Chi-square,1.2515508684863523,0.49806024348385786,3.07139157550167,0.6373466436388526,0.7771598401683243
VWDE (221806)_damaging,10,8,806,807,Chi-square,1.2515508684863523,0.49806024348385786,3.07139157550167,0.6373466436388526,0.7771598401683243
ADGRL2 (23266)_damaging,9,11,807,804,Chi-square,0.815140250084488,0.3465853227577622,1.9543772452955983,0.6507359403152247,0.7903623527056962
USP6 (9098)_damaging,9,11,807,804,Chi-square,0.815140250084488,0.3465853227577622,1.9543772452955983,0.6507359403152247,0.7903623527056962
THSD7A (221981)_damaging,11,9,805,806,Chi-square,1.2237405106970325,0.5104038648230328,2.878141686827504,0.6547146414739499,0.7936324828868901
VPS13D (55187)_damaging,10,12,806,803,Chi-square,0.8302315963606286,0.36627885119211634,1.9120962400229269,0.6655945228150376,0.8024691666701393
DSP (1832)_damaging,10,12,806,803,Chi-square,0.8302315963606286,0.36627885119211634,1.9120962400229269,0.6655945228150376,0.8024691666701393
NALCN (259232)_damaging,12,10,804,805,Chi-square,1.2014925373134329,0.521688503148935,2.723385711531519,0.6698081374961455,0.8024691666701393
CDH10 (1008)_damaging,12,10,804,805,Chi-square,1.2014925373134329,0.521688503148935,2.723385711531519,0.6698081374961455,0.8024691666701393
DCHS2 (54798)_damaging,12,10,804,805,Chi-square,1.2014925373134329,0.521688503148935,2.723385711531519,0.6698081374961455,0.8024691666701393
ANKRD30A (91074)_damaging,12,10,804,805,Chi-square,1.2014925373134329,0.521688503148935,2.723385711531519,0.6698081374961455,0.8024691666701393
EP400 (57634)_damaging,26,29,790,786,Chi-square,0.8920122217372326,0.5240802458565996,1.5242058745506477,0.6773048426248949,0.8098780773247289
UNC13C (440279)_damaging,11,13,805,802,Chi-square,0.8430004777830865,0.3841790199328128,1.8747937285169436,0.6786459140101875,0.8099120482481348
FSIP2 (401024)_damaging,28,31,788,784,Chi-square,0.8986409038807925,0.5371797158114899,1.5084520439708673,0.6872236225424699,0.818565589012942
MYCBP2 (23077)_damaging,12,14,804,801,Chi-square,0.8539445628997868,0.400542061796119,1.8415810993681707,0.6902262270267205,0.8189799655297818
RNF43 (54894)_damaging,12,14,804,801,Chi-square,0.8539445628997868,0.400542061796119,1.8415810993681707,0.6902262270267205,0.8189799655297818
FAT1 (2195)_damaging,31,28,785,787,Chi-square,1.1099636032757052,0.6612476405964586,1.8568464782468233,0.6942961413903275,0.8213395185057486
COL14A1 (7373)_damaging,14,12,802,803,Chi-square,1.1681213632585203,0.5416608883901497,2.490406153708307,0.694877193938413,0.8213395185057486
MDN1 (23195)_damaging,13,15,803,800,Chi-square,0.8634288086342881,0.41557612225221596,1.811775842321751,0.7005902615840894,0.8265089701670806
DNMT3A (1788)_damaging,14,16,802,799,Chi-square,0.8717269326683291,0.4294520995939913,1.784843901613915,0.7099351327902591,0.8359350704801334
EYS (346007)_damaging,15,17,801,798,Chi-square,0.8790482485128883,0.44231170714208795,1.7603606500850952,0.7184160245985146,0.8441222725095837
PTEN (5728)_damaging,69,73,747,742,Chi-square,0.9388788028827639,0.6663303572770574,1.3239630152260193,0.7196244981200016,0.8441222725095837
AHNAK2 (113146)_damaging,17,15,799,800,Chi-square,1.1347517730496455,0.5666470332668607,2.2552039215674977,0.723660553916055,0.8472458477537114
LRP2 (4036)_damaging,19,17,797,798,Chi-square,1.1190493763377372,0.5808066363016279,2.1431373882310245,0.7388669664032854,0.8628705111750026
FCGBP (8857)_damaging,18,20,798,795,Chi-square,0.8966165413533834,0.47588917907929784,1.6984799789201561,0.7398030800835922,0.8628705111750026
HMCN1 (83872)_damaging,19,21,797,794,Chi-square,0.9013562765131147,0.48570098795023653,1.6809304158379281,0.7458589068505387,0.8682923500505327
PTEN (5728)_hotspot,29,27,787,788,Chi-square,1.0754388441809026,0.6329501149639324,1.8226842114249302,0.7892365909295933,0.9036605618004382
WDFY4 (57705)_damaging,8,9,808,806,Chi-square,0.8866886688668867,0.35196932330835157,2.2632603891930527,0.8054106422378478,0.9036605618004382
LIMCH1 (22998)_damaging,8,9,808,806,Chi-square,0.8866886688668867,0.35196932330835157,2.2632603891930527,0.8054106422378478,0.9036605618004382
DOCK7 (85440)_damaging,8,9,808,806,Chi-square,0.8866886688668867,0.35196932330835157,2.2632603891930527,0.8054106422378478,0.9036605618004382
SLX4 (84464)_damaging,8,9,808,806,Chi-square,0.8866886688668867,0.35196932330835157,2.2632603891930527,0.8054106422378478,0.9036605618004382
MMS22L (253714)_damaging,8,9,808,806,Chi-square,0.8866886688668867,0.35196932330835157,2.2632603891930527,0.8054106422378478,0.9036605618004382
MXRA5 (25878)_damaging,9,8,807,807,Chi-square,1.125,0.4407474702536155,2.834128457681463,0.8093471172803477,0.9036605618004382
CTTNBP2 (83992)_damaging,9,8,807,807,Chi-square,1.125,0.4407474702536155,2.834128457681463,0.8093471172803477,0.9036605618004382
PPP1R3A (5506)_damaging,9,8,807,807,Chi-square,1.125,0.4407474702536155,2.834128457681463,0.8093471172803477,0.9036605618004382
NSD1 (64324)_damaging,9,8,807,807,Chi-square,1.125,0.4407474702536155,2.834128457681463,0.8093471172803477,0.9036605618004382
NFIA (4774)_damaging,9,8,807,807,Chi-square,1.125,0.4407474702536155,2.834128457681463,0.8093471172803477,0.9036605618004382
TRDN (10345)_damaging,9,8,807,807,Chi-square,1.125,0.4407474702536155,2.834128457681463,0.8093471172803477,0.9036605618004382
CSMD3 (114788)_damaging,38,40,778,775,Chi-square,0.9463367609254498,0.6024512364960596,1.4884555953476406,0.8121743315660573,0.9036605618004382
FRYL (285527)_damaging,9,10,807,805,Chi-square,0.8977695167286245,0.3732113357142935,2.1825279477389254,0.8154103851769563,0.9036605618004382
OTOG (340990)_damaging,9,10,807,805,Chi-square,0.8977695167286245,0.3732113357142935,2.1825279477389254,0.8154103851769563,0.9036605618004382
SCN3A (6328)_damaging,9,10,807,805,Chi-square,0.8977695167286245,0.3732113357142935,2.1825279477389254,0.8154103851769563,0.9036605618004382
TSC2 (7249)_damaging,9,10,807,805,Chi-square,0.8977695167286245,0.3732113357142935,2.1825279477389254,0.8154103851769563,0.9036605618004382
MYO18B (84700)_damaging,9,10,807,805,Chi-square,0.8977695167286245,0.3732113357142935,2.1825279477389254,0.8154103851769563,0.9036605618004382
GRM7 (2917)_damaging,9,10,807,805,Chi-square,0.8977695167286245,0.3732113357142935,2.1825279477389254,0.8154103851769563,0.9036605618004382
EP300 (2033)_damaging,41,43,775,772,Chi-square,0.9497974493623406,0.6140007055478469,1.4708967257602534,0.8182207791609218,0.9036605618004382
CNTNAP4 (85445)_damaging,10,9,806,806,Chi-square,1.1111111111111112,0.45704946372861044,2.6728105930451744,0.8195874713184615,0.9036605618004382
HUWE1 (10075)_damaging,10,9,806,806,Chi-square,1.1111111111111112,0.45704946372861044,2.6728105930451744,0.8195874713184615,0.9036605618004382
AMER1 (139285)_damaging,10,9,806,806,Chi-square,1.1111111111111112,0.45704946372861044,2.6728105930451744,0.8195874713184615,0.9036605618004382
NBEAL1 (65065)_damaging,10,11,806,804,Chi-square,0.9068351003834875,0.39229248617986223,2.114541830706573,0.82395236921259,0.9036605618004382
ADGRL3 (23284)_damaging,10,11,806,804,Chi-square,0.9068351003834875,0.39229248617986223,2.114541830706573,0.82395236921259,0.9036605618004382
ASXL3 (80816)_damaging,10,11,806,804,Chi-square,0.9068351003834875,0.39229248617986223,2.114541830706573,0.82395236921259,0.9036605618004382
TRANK1 (9881)_damaging,10,11,806,804,Chi-square,0.9068351003834875,0.39229248617986223,2.114541830706573,0.82395236921259,0.9036605618004382
CFAP65 (255101)_damaging,10,11,806,804,Chi-square,0.9068351003834875,0.39229248617986223,2.114541830706573,0.82395236921259,0.9036605618004382
PCSK5 (5125)_damaging,11,10,805,805,Chi-square,1.1,0.4717429293715469,2.5427969569333024,0.8283575536254911,0.9036605618004382
FLT4 (2324)_damaging,11,10,805,805,Chi-square,1.1,0.4717429293715469,2.5427969569333024,0.8283575536254911,0.9036605618004382
SCN11A (11280)_damaging,11,10,805,805,Chi-square,1.1,0.4717429293715469,2.5427969569333024,0.8283575536254911,0.9036605618004382
AKAP6 (9472)_damaging,11,10,805,805,Chi-square,1.1,0.4717429293715469,2.5427969569333024,0.8283575536254911,0.9036605618004382
HERC2 (8924)_damaging,11,12,805,803,Chi-square,0.9143892339544514,0.40956066326614243,2.056354991778552,0.831356774737397,0.9036605618004382
SPEG (10290)_damaging,11,12,805,803,Chi-square,0.9143892339544514,0.40956066326614243,2.056354991778552,0.831356774737397,0.9036605618004382
WWP1 (11059)_damaging,11,12,805,803,Chi-square,0.9143892339544514,0.40956066326614243,2.056354991778552,0.831356774737397,0.9036605618004382
NCOR1 (9611)_damaging,11,12,805,803,Chi-square,0.9143892339544514,0.40956066326614243,2.056354991778552,0.831356774737397,0.9036605618004382
MUC5AC (4586)_damaging,11,12,805,803,Chi-square,0.9143892339544514,0.40956066326614243,2.056354991778552,0.831356774737397,0.9036605618004382
LAMA1 (284217)_damaging,12,11,804,804,Chi-square,1.0909090909090908,0.4850899203945138,2.4355782927634517,0.8359793843436953,0.9036605618004382
MYH2 (4620)_damaging,12,11,804,804,Chi-square,1.0909090909090908,0.4850899203945138,2.4355782927634517,0.8359793843436953,0.9036605618004382
SCN9A (6335)_damaging,12,11,804,804,Chi-square,1.0909090909090908,0.4850899203945138,2.4355782927634517,0.8359793843436953,0.9036605618004382
BRCA1 (672)_damaging,12,13,804,802,Chi-square,0.9207807118254879,0.42528988742194984,2.00588217072755,0.8378533527541873,0.9036605618004382
DSCAM (1826)_damaging,12,13,804,802,Chi-square,0.9207807118254879,0.42528988742194984,2.00588217072755,0.8378533527541873,0.9036605618004382
TDRD15 (100129278)_damaging,13,12,803,803,Chi-square,1.0833333333333333,0.4972944113682761,2.3454918722909426,0.8426841479576108,0.9036605618004382
ROS1 (6098)_damaging,13,12,803,803,Chi-square,1.0833333333333333,0.4972944113682761,2.3454918722909426,0.8426841479576108,0.9036605618004382
WDR87 (83889)_damaging,13,14,803,801,Chi-square,0.9262586728340153,0.439699231476139,1.9616030005711522,0.8436118048574593,0.9036605618004382
SI (6476)_damaging,13,14,803,801,Chi-square,0.9262586728340153,0.439699231476139,1.9616030005711522,0.8436118048574593,0.9036605618004382
ADAMTS20 (80070)_damaging,14,15,802,800,Chi-square,0.9310058187863675,0.45296619371238683,1.9223807458726105,0.8487605556810559,0.9073377343374781
BIRC6 (57448)_damaging,15,16,801,799,Chi-square,0.9351591760299626,0.46523632115936786,1.8873470984813923,0.8533988188929654,0.9073377343374781
COL11A1 (1301)_damaging,15,16,801,799,Chi-square,0.9351591760299626,0.46523632115936786,1.8873470984813923,0.8533988188929654,0.9073377343374781
CUBN (8029)_damaging,15,14,801,801,Chi-square,1.0714285714285714,0.5188919003694326,2.2021682671045295,0.8539843580718318,0.9073377343374781
ARID1B (57492)_damaging,16,17,800,798,Chi-square,0.9388235294117647,0.4766302535288961,1.8558264248615244,0.8576046155712727,0.9073377343374781
CFAP46 (54777)_damaging,16,17,800,798,Chi-square,0.9388235294117647,0.4766302535288961,1.8558264248615244,0.8576046155712727,0.9073377343374781
THSD7B (80731)_damaging,16,15,800,800,Chi-square,1.0666666666666667,0.5285221198575982,2.14408166923107,0.8588091359045175,0.9073377343374781
DNAH6 (1768)_damaging,16,15,800,800,Chi-square,1.0666666666666667,0.5285221198575982,2.14408166923107,0.8588091359045175,0.9073377343374781
DYNC2H1 (79659)_damaging,20,19,796,796,Chi-square,1.0526315789473684,0.5611759570423882,1.9694249860107909,0.8742975245772541,0.9221223464344713
ATM (472)_damaging,21,20,795,795,Chi-square,1.05,0.5681656901237178,1.9359502531043835,0.8774533408065003,0.9223177233851902
ABCA13 (154664)_damaging,23,24,793,791,Chi-square,0.9559163514081547,0.5386850984056183,1.699325483178661,0.878967295543747,0.9223177233851902
STAG2 (10735)_damaging,23,24,793,791,Chi-square,0.9559163514081547,0.5386850984056183,1.699325483178661,0.878967295543747,0.9223177233851902
SDHA (6389)_damaging,27,28,789,787,Chi-square,0.9618413905486148,0.5647408567801001,1.6403001156190806,0.8872392763833516,0.9287533554216983
BRCA2 (675)_damaging,25,24,791,791,Chi-square,1.0416666666666667,0.5926432893825696,1.8279100514261883,0.8881109881666159,0.9287533554216983
PCLO (27445)_damaging,27,27,789,788,Chi-square,0.9987325728770595,0.5833472006641627,1.7099051033589057,0.9963441137360483,0.9979129553701971
SPANXN4 (441525)_damaging,25,25,791,790,Chi-square,0.9987357774968394,0.5718082190194528,1.7444218451301083,0.9964865738750098,0.9979129553701971
FLG (2312)_damaging,20,20,796,795,Chi-square,0.9987437185929648,0.5372506346910496,1.8566578172102208,0.9968673855082717,0.9979129553701971
CCDC168 (643677)_damaging,17,17,799,798,Chi-square,0.9987484355444305,0.5111616143308422,1.9514376138818719,0.9971173015259013,0.9979129553701971
FMN2 (56776)_damaging,16,16,800,799,Chi-square,0.99875,0.5012573746681509,1.9900018882178687,0.9972051208633941,0.9979129553701971
CACNA1E (777)_damaging,16,16,800,799,Chi-square,0.99875,0.5012573746681509,1.9900018882178687,0.9972051208633941,0.9979129553701971
HERC1 (8925)_damaging,16,16,800,799,Chi-square,0.99875,0.5012573746681509,1.9900018882178687,0.9972051208633941,0.9979129553701971
UNC79 (57578)_damaging,14,14,802,801,Chi-square,0.9987531172069826,0.47915865745525793,2.081793421493379,0.9973888931631882,0.9979129553701971
MYH9 (4627)_damaging,12,12,804,803,Chi-square,0.9987562189054726,0.4532484699765686,2.2008138912450144,0.9975855946638454,0.9979129553701971
NRXN1 (9378)_damaging,12,12,804,803,Chi-square,0.9987562189054726,0.4532484699765686,2.2008138912450144,0.9975855946638454,0.9979129553701971
PPFIA2 (8499)_damaging,12,12,804,803,Chi-square,0.9987562189054726,0.4532484699765686,2.2008138912450144,0.9975855946638454,0.9979129553701971
LZTR1 (8216)_damaging,11,11,805,804,Chi-square,0.9987577639751553,0.4384820332123926,2.2749361109962694,0.9976898197103413,0.9979129553701971
STARD9 (57519)_damaging,11,11,805,804,Chi-square,0.9987577639751553,0.4384820332123926,2.2749361109962694,0.9976898197103413,0.9979129553701971
STK11 (6794)_hotspot,10,10,806,805,Chi-square,0.9987593052109182,0.4222284909642849,2.36251628574007,0.9977986969300123,0.9979129553701971
SYCP1 (6847)_damaging,10,10,806,805,Chi-square,0.9987593052109182,0.4222284909642849,2.36251628574007,0.9977986969300123,0.9979129553701971
DOCK8 (81704)_damaging,10,10,806,805,Chi-square,0.9987593052109182,0.4222284909642849,2.36251628574007,0.9977986969300123,0.9979129553701971
LAMA2 (3908)_damaging,10,10,806,805,Chi-square,0.9987593052109182,0.4222284909642849,2.36251628574007,0.9977986969300123,0.9979129553701971
ROCK1 (6093)_damaging,10,10,806,805,Chi-square,0.9987593052109182,0.4222284909642849,2.36251628574007,0.9977986969300123,0.9979129553701971
MDC1 (9656)_damaging,10,10,806,805,Chi-square,0.9987593052109182,0.4222284909642849,2.36251628574007,0.9977986969300123,0.9979129553701971
PLCB4 (5332)_damaging,9,9,807,806,Chi-square,0.9987608426270136,0.4042075951558887,2.467852572239651,0.997912955370197,0.9979129553701971
MYO9A (4649)_damaging,9,9,807,806,Chi-square,0.9987608426270136,0.4042075951558887,2.467852572239651,0.997912955370197,0.9979129553701971
LY75 (4065)_damaging,9,9,807,806,Chi-square,0.9987608426270136,0.4042075951558887,2.467852572239651,0.997912955370197,0.9979129553701971
PKD1L1 (168507)_damaging,9,9,807,806,Chi-square,0.9987608426270136,0.4042075951558887,2.467852572239651,0.997912955370197,0.9979129553701971
A2M (2)_damaging,9,9,807,806,Chi-square,0.9987608426270136,0.4042075951558887,2.467852572239651,0.997912955370197,0.9979129553701971
ACACB (32)_damaging,9,9,807,806,Chi-square,0.9987608426270136,0.4042075951558887,2.467852572239651,0.997912955370197,0.9979129553701971
MED23 (9439)_damaging,9,9,807,806,Chi-square,0.9987608426270136,0.4042075951558887,2.467852572239651,0.997912955370197,0.9979129553701971
MRC1 (4360)_damaging,9,9,807,806,Chi-square,0.9987608426270136,0.4042075951558887,2.467852572239651,0.997912955370197,0.9979129553701971
